id,parent_id/id,sequence,code,name,value_1,value_2,value_3
_collection,,,_collection,Colecci√≥n,,,
luxe_for_men,_collection,,luxe_for_men,luxe for men,,,
,,,,,,,
_model,,,_model,Modelo,,,
1022          ,_model,,1022          ,1022          ,,,
1029          ,_model,,1029          ,1029          ,,,
1031          ,_model,,1031          ,1031          ,,,
1031P         ,_model,,1031P         ,1031P         ,,,
1031T         ,_model,,1031T         ,1031T         ,,,
1066          ,_model,,1066          ,1066          ,,,
1066P         ,_model,,1066P         ,1066P         ,,,
1066T         ,_model,,1066T         ,1066T         ,,,
1067          ,_model,,1067          ,1067          ,,,
1072          ,_model,,1072          ,1072          ,,,
1123A         ,_model,,1123A         ,1123A         ,,,
1123AP        ,_model,,1123AP        ,1123AP        ,,,
1123AT        ,_model,,1123AT        ,1123AT        ,,,
1124A         ,_model,,1124A         ,1124A         ,,,
1124AP        ,_model,,1124AP        ,1124AP        ,,,
1124AT        ,_model,,1124AT        ,1124AT        ,,,
1223768527    ,_model,,1223768527    ,1223768527    ,,,
1223768530    ,_model,,1223768530    ,1223768530    ,,,
12800         ,_model,,12800         ,12800         ,,,
12801         ,_model,,12801         ,12801         ,,,
12802         ,_model,,12802         ,12802         ,,,
12803         ,_model,,12803         ,12803         ,,,
12804         ,_model,,12804         ,12804         ,,,
12805         ,_model,,12805         ,12805         ,,,
12806         ,_model,,12806         ,12806         ,,,
1302          ,_model,,1302          ,1302          ,,,
1304          ,_model,,1304          ,1304          ,,,
1330          ,_model,,1330          ,1330          ,,,
1346          ,_model,,1346          ,1346          ,,,
1346A         ,_model,,1346A         ,1346A         ,,,
1346AB        ,_model,,1346AB        ,1346AB        ,,,
1362          ,_model,,1362          ,1362          ,,,
1362A         ,_model,,1362A         ,1362A         ,,,
1362AB        ,_model,,1362AB        ,1362AB        ,,,
1369          ,_model,,1369          ,1369          ,,,
1373          ,_model,,1373          ,1373          ,,,
1388          ,_model,,1388          ,1388          ,,,
1389          ,_model,,1389          ,1389          ,,,
1389A         ,_model,,1389A         ,1389A         ,,,
1389AB        ,_model,,1389AB        ,1389AB        ,,,
1401A         ,_model,,1401A         ,1401A         ,,,
1403          ,_model,,1403          ,1403          ,,,
1404          ,_model,,1404          ,1404          ,,,
1446          ,_model,,1446          ,1446          ,,,
1446A         ,_model,,1446A         ,1446A         ,,,
1446AB        ,_model,,1446AB        ,1446AB        ,,,
1462          ,_model,,1462          ,1462          ,,,
1462A         ,_model,,1462A         ,1462A         ,,,
1462AB        ,_model,,1462AB        ,1462AB        ,,,
1470          ,_model,,1470          ,1470          ,,,
1470A         ,_model,,1470A         ,1470A         ,,,
1470AB        ,_model,,1470AB        ,1470AB        ,,,
14908         ,_model,,14908         ,14908         ,,,
1491          ,_model,,1491          ,1491          ,,,
1502C         ,_model,,1502C         ,1502C         ,,,
15AST         ,_model,,15AST         ,15AST         ,,,
16001A        ,_model,,16001A        ,16001A        ,,,
16001AB       ,_model,,16001AB       ,16001AB       ,,,
16001ABS      ,_model,,16001ABS      ,16001ABS      ,,,
16001ABT      ,_model,,16001ABT      ,16001ABT      ,,,
16001AS       ,_model,,16001AS       ,16001AS       ,,,
16001AT       ,_model,,16001AT       ,16001AT       ,,,
1602          ,_model,,1602          ,1602          ,,,
1619          ,_model,,1619          ,1619          ,,,
16600A        ,_model,,16600A        ,16600A        ,,,
16600AB       ,_model,,16600AB       ,16600AB       ,,,
1745C         ,_model,,1745C         ,1745C         ,,,
1750          ,_model,,1750          ,1750          ,,,
1771          ,_model,,1771          ,1771          ,,,
1773          ,_model,,1773          ,1773          ,,,
1777          ,_model,,1777          ,1777          ,,,
1841          ,_model,,1841          ,1841          ,,,
1845          ,_model,,1845          ,1845          ,,,
190           ,_model,,190           ,190           ,,,
1909          ,_model,,1909          ,1909          ,,,
190P          ,_model,,190P          ,190P          ,,,
1912C         ,_model,,1912C         ,1912C         ,,,
1929          ,_model,,1929          ,1929          ,,,
1934          ,_model,,1934          ,1934          ,,,
1939          ,_model,,1939          ,1939          ,,,
1949          ,_model,,1949          ,1949          ,,,
198           ,_model,,198           ,198           ,,,
1999          ,_model,,1999          ,1999          ,,,
2001          ,_model,,2001          ,2001          ,,,
2001T         ,_model,,2001T         ,2001T         ,,,
20101A        ,_model,,20101A        ,20101A        ,,,
20101AP       ,_model,,20101AP       ,20101AP       ,,,
20101AT       ,_model,,20101AT       ,20101AT       ,,,
20102A        ,_model,,20102A        ,20102A        ,,,
20102AP       ,_model,,20102AP       ,20102AP       ,,,
20102AT       ,_model,,20102AT       ,20102AT       ,,,
20110         ,_model,,20110         ,20110         ,,,
20110P        ,_model,,20110P        ,20110P        ,,,
20110T        ,_model,,20110T        ,20110T        ,,,
20130         ,_model,,20130         ,20130         ,,,
20180         ,_model,,20180         ,20180         ,,,
20181         ,_model,,20181         ,20181         ,,,
20310         ,_model,,20310         ,20310         ,,,
20313         ,_model,,20313         ,20313         ,,,
20402         ,_model,,20402         ,20402         ,,,
20601A        ,_model,,20601A        ,20601A        ,,,
20710         ,_model,,20710         ,20710         ,,,
2072          ,_model,,2072          ,2072          ,,,
2072P         ,_model,,2072P         ,2072P         ,,,
20750         ,_model,,20750         ,20750         ,,,
20800         ,_model,,20800         ,20800         ,,,
20801         ,_model,,20801         ,20801         ,,,
20820         ,_model,,20820         ,20820         ,,,
2085          ,_model,,2085          ,2085          ,,,
2085P         ,_model,,2085P         ,2085P         ,,,
2085T         ,_model,,2085T         ,2085T         ,,,
2092          ,_model,,2092          ,2092          ,,,
2092P         ,_model,,2092P         ,2092P         ,,,
2092T         ,_model,,2092T         ,2092T         ,,,
20971A        ,_model,,20971A        ,20971A        ,,,
20972A        ,_model,,20972A        ,20972A        ,,,
20973         ,_model,,20973         ,20973         ,,,
2108          ,_model,,2108          ,2108          ,,,
21100         ,_model,,21100         ,21100         ,,,
21100P        ,_model,,21100P        ,21100P        ,,,
21100T        ,_model,,21100T        ,21100T        ,,,
21700         ,_model,,21700         ,21700         ,,,
21701         ,_model,,21701         ,21701         ,,,
2222          ,_model,,2222          ,2222          ,,,
2300          ,_model,,2300          ,2300          ,,,
2301          ,_model,,2301          ,2301          ,,,
2306          ,_model,,2306          ,2306          ,,,
2307          ,_model,,2307          ,2307          ,,,
2315          ,_model,,2315          ,2315          ,,,
2315C         ,_model,,2315C         ,2315C         ,,,
2316          ,_model,,2316          ,2316          ,,,
2317          ,_model,,2317          ,2317          ,,,
2319          ,_model,,2319          ,2319          ,,,
2323          ,_model,,2323          ,2323          ,,,
2330          ,_model,,2330          ,2330          ,,,
2351          ,_model,,2351          ,2351          ,,,
2390          ,_model,,2390          ,2390          ,,,
2391A         ,_model,,2391A         ,2391A         ,,,
24001         ,_model,,24001         ,24001         ,,,
24001P        ,_model,,24001P        ,24001P        ,,,
24001T        ,_model,,24001T        ,24001T        ,,,
24002         ,_model,,24002         ,24002         ,,,
24002P        ,_model,,24002P        ,24002P        ,,,
2410          ,_model,,2410          ,2410          ,,,
2411          ,_model,,2411          ,2411          ,,,
24703         ,_model,,24703         ,24703         ,,,
2500          ,_model,,2500          ,2500          ,,,
2506          ,_model,,2506          ,2506          ,,,
25300         ,_model,,25300         ,25300         ,,,
2610          ,_model,,2610          ,2610          ,,,
2611          ,_model,,2611          ,2611          ,,,
2624A         ,_model,,2624A         ,2624A         ,,,
2625A         ,_model,,2625A         ,2625A         ,,,
2626A         ,_model,,2626A         ,2626A         ,,,
2628A         ,_model,,2628A         ,2628A         ,,,
2629A         ,_model,,2629A         ,2629A         ,,,
2655          ,_model,,2655          ,2655          ,,,
2746C         ,_model,,2746C         ,2746C         ,,,
2824          ,_model,,2824          ,2824          ,,,
2874          ,_model,,2874          ,2874          ,,,
2875C         ,_model,,2875C         ,2875C         ,,,
2875V         ,_model,,2875V         ,2875V         ,,,
2878          ,_model,,2878          ,2878          ,,,
2879          ,_model,,2879          ,2879          ,,,
2880          ,_model,,2880          ,2880          ,,,
2892          ,_model,,2892          ,2892          ,,,
2915C         ,_model,,2915C         ,2915C         ,,,
2968          ,_model,,2968          ,2968          ,,,
2983          ,_model,,2983          ,2983          ,,,
2988C         ,_model,,2988C         ,2988C         ,,,
31700C        ,_model,,31700C        ,31700C        ,,,
32300         ,_model,,32300         ,32300         ,,,
32501         ,_model,,32501         ,32501         ,,,
32502         ,_model,,32502         ,32502         ,,,
32700         ,_model,,32700         ,32700         ,,,
32701         ,_model,,32701         ,32701         ,,,
32900         ,_model,,32900         ,32900         ,,,
32901X        ,_model,,32901X        ,32901X        ,,,
32905         ,_model,,32905         ,32905         ,,,
34100A        ,_model,,34100A        ,34100A        ,,,
34100AS       ,_model,,34100AS       ,34100AS       ,,,
34100AT       ,_model,,34100AT       ,34100AT       ,,,
34350A        ,_model,,34350A        ,34350A        ,,,
3444          ,_model,,3444          ,3444          ,,,
346           ,_model,,346           ,346           ,,,
34777A        ,_model,,34777A        ,34777A        ,,,
348           ,_model,,348           ,348           ,,,
350           ,_model,,350           ,350           ,,,
36400A        ,_model,,36400A        ,36400A        ,,,
36400AB       ,_model,,36400AB       ,36400AB       ,,,
3665          ,_model,,3665          ,3665          ,,,
3945G         ,_model,,3945G         ,3945G         ,,,
3971          ,_model,,3971          ,3971          ,,,
4000          ,_model,,4000          ,4000          ,,,
4000S         ,_model,,4000S         ,4000S         ,,,
4000T         ,_model,,4000T         ,4000T         ,,,
4001          ,_model,,4001          ,4001          ,,,
4001P         ,_model,,4001P         ,4001P         ,,,
4001T         ,_model,,4001T         ,4001T         ,,,
4005          ,_model,,4005          ,4005          ,,,
4005P         ,_model,,4005P         ,4005P         ,,,
4005T         ,_model,,4005T         ,4005T         ,,,
4020          ,_model,,4020          ,4020          ,,,
4020P         ,_model,,4020P         ,4020P         ,,,
4020T         ,_model,,4020T         ,4020T         ,,,
4041          ,_model,,4041          ,4041          ,,,
4043          ,_model,,4043          ,4043          ,,,
4044          ,_model,,4044          ,4044          ,,,
4044P         ,_model,,4044P         ,4044P         ,,,
4044T         ,_model,,4044T         ,4044T         ,,,
4100          ,_model,,4100          ,4100          ,,,
4100S         ,_model,,4100S         ,4100S         ,,,
4100T         ,_model,,4100T         ,4100T         ,,,
4101          ,_model,,4101          ,4101          ,,,
4101P         ,_model,,4101P         ,4101P         ,,,
4101T         ,_model,,4101T         ,4101T         ,,,
4112T         ,_model,,4112T         ,4112T         ,,,
4200          ,_model,,4200          ,4200          ,,,
4200P         ,_model,,4200P         ,4200P         ,,,
4200T         ,_model,,4200T         ,4200T         ,,,
4203          ,_model,,4203          ,4203          ,,,
4203P         ,_model,,4203P         ,4203P         ,,,
4208          ,_model,,4208          ,4208          ,,,
4222          ,_model,,4222          ,4222          ,,,
4222T         ,_model,,4222T         ,4222T         ,,,
42350C        ,_model,,42350C        ,42350C        ,,,
42350V        ,_model,,42350V        ,42350V        ,,,
4243          ,_model,,4243          ,4243          ,,,
42700C        ,_model,,42700C        ,42700C        ,,,
42700V        ,_model,,42700V        ,42700V        ,,,
42801C        ,_model,,42801C        ,42801C        ,,,
42802         ,_model,,42802         ,42802         ,,,
42803         ,_model,,42803         ,42803         ,,,
42930         ,_model,,42930         ,42930         ,,,
42931         ,_model,,42931         ,42931         ,,,
4300          ,_model,,4300          ,4300          ,,,
4301          ,_model,,4301          ,4301          ,,,
4315          ,_model,,4315          ,4315          ,,,
4350          ,_model,,4350          ,4350          ,,,
4350C         ,_model,,4350C         ,4350C         ,,,
4403          ,_model,,4403          ,4403          ,,,
44101A        ,_model,,44101A        ,44101A        ,,,
44101AP       ,_model,,44101AP       ,44101AP       ,,,
44101AT       ,_model,,44101AT       ,44101AT       ,,,
4416          ,_model,,4416          ,4416          ,,,
44200A        ,_model,,44200A        ,44200A        ,,,
44200AP       ,_model,,44200AP       ,44200AP       ,,,
44200AT       ,_model,,44200AT       ,44200AT       ,,,
4421          ,_model,,4421          ,4421          ,,,
44233         ,_model,,44233         ,44233         ,,,
44299         ,_model,,44299         ,44299         ,,,
4439          ,_model,,4439          ,4439          ,,,
4450          ,_model,,4450          ,4450          ,,,
44700A        ,_model,,44700A        ,44700A        ,,,
44786         ,_model,,44786         ,44786         ,,,
44801A        ,_model,,44801A        ,44801A        ,,,
44806         ,_model,,44806         ,44806         ,,,
44830         ,_model,,44830         ,44830         ,,,
44836         ,_model,,44836         ,44836         ,,,
4501          ,_model,,4501          ,4501          ,,,
4502C         ,_model,,4502C         ,4502C         ,,,
4508          ,_model,,4508          ,4508          ,,,
4509          ,_model,,4509          ,4509          ,,,
46000A        ,_model,,46000A        ,46000A        ,,,
46000AB       ,_model,,46000AB       ,46000AB       ,,,
46000ABP      ,_model,,46000ABP      ,46000ABP      ,,,
46000ABT      ,_model,,46000ABT      ,46000ABT      ,,,
46000AP       ,_model,,46000AP       ,46000AP       ,,,
46000AT       ,_model,,46000AT       ,46000AT       ,,,
46002A        ,_model,,46002A        ,46002A        ,,,
46002AB       ,_model,,46002AB       ,46002AB       ,,,
46002ABP      ,_model,,46002ABP      ,46002ABP      ,,,
46002ABT      ,_model,,46002ABT      ,46002ABT      ,,,
46002AP       ,_model,,46002AP       ,46002AP       ,,,
46002AT       ,_model,,46002AT       ,46002AT       ,,,
4620C         ,_model,,4620C         ,4620C         ,,,
46300A        ,_model,,46300A        ,46300A        ,,,
46300AB       ,_model,,46300AB       ,46300AB       ,,,
46302CA       ,_model,,46302CA       ,46302CA       ,,,
46303A        ,_model,,46303A        ,46303A        ,,,
46501A        ,_model,,46501A        ,46501A        ,,,
46600A        ,_model,,46600A        ,46600A        ,,,
46600AB       ,_model,,46600AB       ,46600AB       ,,,
46601A        ,_model,,46601A        ,46601A        ,,,
46601AB       ,_model,,46601AB       ,46601AB       ,,,
46607A        ,_model,,46607A        ,46607A        ,,,
46607AB       ,_model,,46607AB       ,46607AB       ,,,
46608A        ,_model,,46608A        ,46608A        ,,,
46609A        ,_model,,46609A        ,46609A        ,,,
46612A        ,_model,,46612A        ,46612A        ,,,
46613A        ,_model,,46613A        ,46613A        ,,,
46615CA       ,_model,,46615CA       ,46615CA       ,,,
46616CA       ,_model,,46616CA       ,46616CA       ,,,
4700          ,_model,,4700          ,4700          ,,,
4700C         ,_model,,4700C         ,4700C         ,,,
4701          ,_model,,4701          ,4701          ,,,
4708          ,_model,,4708          ,4708          ,,,
4709          ,_model,,4709          ,4709          ,,,
4710          ,_model,,4710          ,4710          ,,,
4724          ,_model,,4724          ,4724          ,,,
4725          ,_model,,4725          ,4725          ,,,
4727          ,_model,,4727          ,4727          ,,,
4728          ,_model,,4728          ,4728          ,,,
4730          ,_model,,4730          ,4730          ,,,
4737          ,_model,,4737          ,4737          ,,,
4740          ,_model,,4740          ,4740          ,,,
4741          ,_model,,4741          ,4741          ,,,
4743          ,_model,,4743          ,4743          ,,,
4746          ,_model,,4746          ,4746          ,,,
4747          ,_model,,4747          ,4747          ,,,
4748          ,_model,,4748          ,4748          ,,,
4751          ,_model,,4751          ,4751          ,,,
4758          ,_model,,4758          ,4758          ,,,
4761          ,_model,,4761          ,4761          ,,,
4770          ,_model,,4770          ,4770          ,,,
4777          ,_model,,4777          ,4777          ,,,
4780          ,_model,,4780          ,4780          ,,,
4788          ,_model,,4788          ,4788          ,,,
4789          ,_model,,4789          ,4789          ,,,
4800          ,_model,,4800          ,4800          ,,,
4801          ,_model,,4801          ,4801          ,,,
4808          ,_model,,4808          ,4808          ,,,
4818          ,_model,,4818          ,4818          ,,,
4819          ,_model,,4819          ,4819          ,,,
4823          ,_model,,4823          ,4823          ,,,
4824          ,_model,,4824          ,4824          ,,,
4826          ,_model,,4826          ,4826          ,,,
4827          ,_model,,4827          ,4827          ,,,
4828          ,_model,,4828          ,4828          ,,,
4829          ,_model,,4829          ,4829          ,,,
4831          ,_model,,4831          ,4831          ,,,
4868          ,_model,,4868          ,4868          ,,,
4876          ,_model,,4876          ,4876          ,,,
4876T         ,_model,,4876T         ,4876T         ,,,
4880          ,_model,,4880          ,4880          ,,,
4881          ,_model,,4881          ,4881          ,,,
4882          ,_model,,4882          ,4882          ,,,
4975          ,_model,,4975          ,4975          ,,,
6315C         ,_model,,6315C         ,6315C         ,,,
6350C         ,_model,,6350C         ,6350C         ,,,
6620C         ,_model,,6620C         ,6620C         ,,,
6625C         ,_model,,6625C         ,6625C         ,,,
6782CB        ,_model,,6782CB        ,6782CB        ,,,
6802C         ,_model,,6802C         ,6802C         ,,,
6802CB        ,_model,,6802CB        ,6802CB        ,,,
6810C         ,_model,,6810C         ,6810C         ,,,
6846C         ,_model,,6846C         ,6846C         ,,,
6875C         ,_model,,6875C         ,6875C         ,,,
6876C         ,_model,,6876C         ,6876C         ,,,
7014          ,_model,,7014          ,7014          ,,,
759           ,_model,,759           ,759           ,,,
7603          ,_model,,7603          ,7603          ,,,
7605          ,_model,,7605          ,7605          ,,,
7806          ,_model,,7806          ,7806          ,,,
7813          ,_model,,7813          ,7813          ,,,
7880786503    ,_model,,7880786503    ,7880786503    ,,,
7880786582    ,_model,,7880786582    ,7880786582    ,,,
7880786583    ,_model,,7880786583    ,7880786583    ,,,
7880786585    ,_model,,7880786585    ,7880786585    ,,,
7880786586    ,_model,,7880786586    ,7880786586    ,,,
7880788635    ,_model,,7880788635    ,7880788635    ,,,
7880789877    ,_model,,7880789877    ,7880789877    ,,,
7880830357    ,_model,,7880830357    ,7880830357    ,,,
7951          ,_model,,7951          ,7951          ,,,
80502         ,_model,,80502         ,80502         ,,,
81003         ,_model,,81003         ,81003         ,,,
81003T        ,_model,,81003T        ,81003T        ,,,
81006         ,_model,,81006         ,81006         ,,,
81006T        ,_model,,81006T        ,81006T        ,,,
810106        ,_model,,810106        ,810106        ,,,
810506        ,_model,,810506        ,810506        ,,,
81100         ,_model,,81100         ,81100         ,,,
81103         ,_model,,81103         ,81103         ,,,
81111A        ,_model,,81111A        ,81111A        ,,,
81111AT       ,_model,,81111AT       ,81111AT       ,,,
8113K1        ,_model,,8113K1        ,8113K1        ,,,
8114          ,_model,,8114          ,8114          ,,,
8115A         ,_model,,8115A         ,8115A         ,,,
8115AM        ,_model,,8115AM        ,8115AM        ,,,
8115C         ,_model,,8115C         ,8115C         ,,,
8115I         ,_model,,8115I         ,8115I         ,,,
8115J         ,_model,,8115J         ,8115J         ,,,
8115K         ,_model,,8115K         ,8115K         ,,,
8115Q         ,_model,,8115Q         ,8115Q         ,,,
8115R         ,_model,,8115R         ,8115R         ,,,
8115RWC       ,_model,,8115RWC       ,8115RWC       ,,,
8115S         ,_model,,8115S         ,8115S         ,,,
8115V         ,_model,,8115V         ,8115V         ,,,
8115W         ,_model,,8115W         ,8115W         ,,,
8116AM        ,_model,,8116AM        ,8116AM        ,,,
81210         ,_model,,81210         ,81210         ,,,
81403         ,_model,,81403         ,81403         ,,,
81404         ,_model,,81404         ,81404         ,,,
81404A        ,_model,,81404A        ,81404A        ,,,
81404AB       ,_model,,81404AB       ,81404AB       ,,,
8144          ,_model,,8144          ,8144          ,,,
8150          ,_model,,8150          ,8150          ,,,
815906        ,_model,,815906        ,815906        ,,,
816106        ,_model,,816106        ,816106        ,,,
8170          ,_model,,8170          ,8170          ,,,
8171          ,_model,,8171          ,8171          ,,,
81714A        ,_model,,81714A        ,81714A        ,,,
81720         ,_model,,81720         ,81720         ,,,
81722         ,_model,,81722         ,81722         ,,,
817355        ,_model,,817355        ,817355        ,,,
817455        ,_model,,817455        ,817455        ,,,
81800         ,_model,,81800         ,81800         ,,,
81822         ,_model,,81822         ,81822         ,,,
8190          ,_model,,8190          ,8190          ,,,
81906         ,_model,,81906         ,81906         ,,,
81910         ,_model,,81910         ,81910         ,,,
81925         ,_model,,81925         ,81925         ,,,
8201          ,_model,,8201          ,8201          ,,,
82011         ,_model,,82011         ,82011         ,,,
82011P        ,_model,,82011P        ,82011P        ,,,
82011T        ,_model,,82011T        ,82011T        ,,,
82012         ,_model,,82012         ,82012         ,,,
82012P        ,_model,,82012P        ,82012P        ,,,
82012T        ,_model,,82012T        ,82012T        ,,,
82015P        ,_model,,82015P        ,82015P        ,,,
82120         ,_model,,82120         ,82120         ,,,
82120P        ,_model,,82120P        ,82120P        ,,,
82155         ,_model,,82155         ,82155         ,,,
82204A        ,_model,,82204A        ,82204A        ,,,
82204AP       ,_model,,82204AP       ,82204AP       ,,,
82204AT       ,_model,,82204AT       ,82204AT       ,,,
82212A        ,_model,,82212A        ,82212A        ,,,
82212AP       ,_model,,82212AP       ,82212AP       ,,,
82212AT       ,_model,,82212AT       ,82212AT       ,,,
82302         ,_model,,82302         ,82302         ,,,
82310         ,_model,,82310         ,82310         ,,,
82400         ,_model,,82400         ,82400         ,,,
82401         ,_model,,82401         ,82401         ,,,
82402         ,_model,,82402         ,82402         ,,,
82403         ,_model,,82403         ,82403         ,,,
82408         ,_model,,82408         ,82408         ,,,
82409         ,_model,,82409         ,82409         ,,,
82410         ,_model,,82410         ,82410         ,,,
82706         ,_model,,82706         ,82706         ,,,
82708         ,_model,,82708         ,82708         ,,,
82721         ,_model,,82721         ,82721         ,,,
82724         ,_model,,82724         ,82724         ,,,
82739         ,_model,,82739         ,82739         ,,,
82763         ,_model,,82763         ,82763         ,,,
82814         ,_model,,82814         ,82814         ,,,
82816         ,_model,,82816         ,82816         ,,,
82850         ,_model,,82850         ,82850         ,,,
82851         ,_model,,82851         ,82851         ,,,
82855         ,_model,,82855         ,82855         ,,,
82859         ,_model,,82859         ,82859         ,,,
82880         ,_model,,82880         ,82880         ,,,
82910         ,_model,,82910         ,82910         ,,,
82978         ,_model,,82978         ,82978         ,,,
83006         ,_model,,83006         ,83006         ,,,
83006S        ,_model,,83006S        ,83006S        ,,,
83006T        ,_model,,83006T        ,83006T        ,,,
83402         ,_model,,83402         ,83402         ,,,
83402A        ,_model,,83402A        ,83402A        ,,,
83402AB       ,_model,,83402AB       ,83402AB       ,,,
83403         ,_model,,83403         ,83403         ,,,
83403A        ,_model,,83403A        ,83403A        ,,,
83403AB       ,_model,,83403AB       ,83403AB       ,,,
83404         ,_model,,83404         ,83404         ,,,
83566A        ,_model,,83566A        ,83566A        ,,,
83706         ,_model,,83706         ,83706         ,,,
83727C        ,_model,,83727C        ,83727C        ,,,
83960         ,_model,,83960         ,83960         ,,,
84300C        ,_model,,84300C        ,84300C        ,,,
84400         ,_model,,84400         ,84400         ,,,
84400A        ,_model,,84400A        ,84400A        ,,,
84400AB       ,_model,,84400AB       ,84400AB       ,,,
84401         ,_model,,84401         ,84401         ,,,
84401A        ,_model,,84401A        ,84401A        ,,,
84401AB       ,_model,,84401AB       ,84401AB       ,,,
84402         ,_model,,84402         ,84402         ,,,
84405         ,_model,,84405         ,84405         ,,,
84405A        ,_model,,84405A        ,84405A        ,,,
84405AB       ,_model,,84405AB       ,84405AB       ,,,
84406         ,_model,,84406         ,84406         ,,,
84407         ,_model,,84407         ,84407         ,,,
84500         ,_model,,84500         ,84500         ,,,
84503         ,_model,,84503         ,84503         ,,,
84520C        ,_model,,84520C        ,84520C        ,,,
84709         ,_model,,84709         ,84709         ,,,
84724C        ,_model,,84724C        ,84724C        ,,,
84724CB       ,_model,,84724CB       ,84724CB       ,,,
84726         ,_model,,84726         ,84726         ,,,
84731C        ,_model,,84731C        ,84731C        ,,,
84735         ,_model,,84735         ,84735         ,,,
84754C        ,_model,,84754C        ,84754C        ,,,
84769B        ,_model,,84769B        ,84769B        ,,,
84770         ,_model,,84770         ,84770         ,,,
84780C        ,_model,,84780C        ,84780C        ,,,
84789         ,_model,,84789         ,84789         ,,,
85000P        ,_model,,85000P        ,85000P        ,,,
85000T        ,_model,,85000T        ,85000T        ,,,
85100         ,_model,,85100         ,85100         ,,,
85100P        ,_model,,85100P        ,85100P        ,,,
85100T        ,_model,,85100T        ,85100T        ,,,
85304A        ,_model,,85304A        ,85304A        ,,,
853202        ,_model,,853202        ,853202        ,,,
85400         ,_model,,85400         ,85400         ,,,
854206        ,_model,,854206        ,854206        ,,,
85700         ,_model,,85700         ,85700         ,,,
857455        ,_model,,857455        ,857455        ,,,
857455P       ,_model,,857455P       ,857455P       ,,,
857455T       ,_model,,857455T       ,857455T       ,,,
85810         ,_model,,85810         ,85810         ,,,
85812         ,_model,,85812         ,85812         ,,,
85820         ,_model,,85820         ,85820         ,,,
85840C        ,_model,,85840C        ,85840C        ,,,
85906         ,_model,,85906         ,85906         ,,,
85908         ,_model,,85908         ,85908         ,,,
85948A        ,_model,,85948A        ,85948A        ,,,
85954A        ,_model,,85954A        ,85954A        ,,,
85955         ,_model,,85955         ,85955         ,,,
85956         ,_model,,85956         ,85956         ,,,
85984         ,_model,,85984         ,85984         ,,,
85988         ,_model,,85988         ,85988         ,,,
86106         ,_model,,86106         ,86106         ,,,
86106P        ,_model,,86106P        ,86106P        ,,,
86106T        ,_model,,86106T        ,86106T        ,,,
86206         ,_model,,86206         ,86206         ,,,
86206P        ,_model,,86206P        ,86206P        ,,,
86206T        ,_model,,86206T        ,86206T        ,,,
86306         ,_model,,86306         ,86306         ,,,
86706         ,_model,,86706         ,86706         ,,,
86806         ,_model,,86806         ,86806         ,,,
885306        ,_model,,885306        ,885306        ,,,
8881          ,_model,,8881          ,8881          ,,,
A1388W        ,_model,,A1388W        ,A1388W        ,,,
A1439M        ,_model,,A1439M        ,A1439M        ,,,
A1439W        ,_model,,A1439W        ,A1439W        ,,,
A5684W        ,_model,,A5684W        ,A5684W        ,,,
A5919W        ,_model,,A5919W        ,A5919W        ,,,
A8150         ,_model,,A8150         ,A8150         ,,,
A8151         ,_model,,A8151         ,A8151         ,,,
AD3695Q       ,_model,,AD3695Q       ,AD3695Q       ,,,
AD3698Q       ,_model,,AD3698Q       ,AD3698Q       ,,,
AD4010T       ,_model,,AD4010T       ,AD4010T       ,,,
ADELEN        ,_model,,ADELEN        ,ADELEN        ,,,
AEROTRAINER   ,_model,,AEROTRAINER   ,AEROTRAINER   ,,,
ALEXIS        ,_model,,ALEXIS        ,ALEXIS        ,,,
ALITTLEROMANCE,_model,,ALITTLEROMANCE,ALITTLEROMANCE,,,
ANYBOX        ,_model,,ANYBOX        ,ANYBOX        ,,,
ANYWEARLX     ,_model,,ANYWEARLX     ,ANYWEARLX     ,,,
APMAPOSTER    ,_model,,APMAPOSTER    ,APMAPOSTER    ,,,
ARCLOGZLIGHTS ,_model,,ARCLOGZLIGHTS ,ARCLOGZLIGHTS ,,,
ARPREMIERCLOGZ,_model,,ARPREMIERCLOGZ,ARPREMIERCLOGZ,,,
ASTEALTH      ,_model,,ASTEALTH      ,ASTEALTH      ,,,
ASTROFLEXFOLD ,_model,,ASTROFLEXFOLD ,ASTROFLEXFOLD ,,,
ASTRORIDEAR   ,_model,,ASTRORIDEAR   ,ASTRORIDEAR   ,,,
ASTRORIDEP    ,_model,,ASTRORIDEP    ,ASTRORIDEP    ,,,
ASTRORIDESTRIK,_model,,ASTRORIDESTRIK,ASTRORIDESTRIK,,,
ASTRORIDEWALK ,_model,,ASTRORIDEWALK ,ASTRORIDEWALK ,,,
AVIROVE       ,_model,,AVIROVE       ,AVIROVE       ,,,
BD            ,_model,,BD            ,BD            ,,,
BEACHII       ,_model,,BEACHII       ,BEACHII       ,,,
BELIEVENHOPE  ,_model,,BELIEVENHOPE  ,BELIEVENHOPE  ,,,
BJSWAPABLE    ,_model,,BJSWAPABLE    ,BJSWAPABLE    ,,,
BLAZE         ,_model,,BLAZE         ,BLAZE         ,,,
BLUEBAYOU     ,_model,,BLUEBAYOU     ,BLUEBAYOU     ,,,
BOLT          ,_model,,BOLT          ,BOLT          ,,,
BREEZE        ,_model,,BREEZE        ,BREEZE        ,,,
BRONZE        ,_model,,BRONZE        ,BRONZE        ,,,
C200480       ,_model,,C200480       ,C200480       ,,,
CA100         ,_model,,CA100         ,CA100         ,,,
CA100P        ,_model,,CA100P        ,CA100P        ,,,
CA100T        ,_model,,CA100T        ,CA100T        ,,,
CA105A        ,_model,,CA105A        ,CA105A        ,,,
CA105AP       ,_model,,CA105AP       ,CA105AP       ,,,
CA105AT       ,_model,,CA105AT       ,CA105AT       ,,,
CA300         ,_model,,CA300         ,CA300         ,,,
CA302         ,_model,,CA302         ,CA302         ,,,
CA302X3       ,_model,,CA302X3       ,CA302X3       ,,,
CA304         ,_model,,CA304         ,CA304         ,,,
CA305         ,_model,,CA305         ,CA305         ,,,
CA306         ,_model,,CA306         ,CA306         ,,,
CA601         ,_model,,CA601         ,CA601         ,,,
CA601X15      ,_model,,CA601X15      ,CA601X15      ,,,
CA601X3       ,_model,,CA601X3       ,CA601X3       ,,,
CA602         ,_model,,CA602         ,CA602         ,,,
CA602X15      ,_model,,CA602X15      ,CA602X15      ,,,
CA602X8       ,_model,,CA602X8       ,CA602X8       ,,,
CA605         ,_model,,CA605         ,CA605         ,,,
CA606         ,_model,,CA606         ,CA606         ,,,
CA606X3       ,_model,,CA606X3       ,CA606X3       ,,,
CA608X13      ,_model,,CA608X13      ,CA608X13      ,,,
CA610A        ,_model,,CA610A        ,CA610A        ,,,
CA610X3       ,_model,,CA610X3       ,CA610X3       ,,,
CA610X7       ,_model,,CA610X7       ,CA610X7       ,,,
CA612A        ,_model,,CA612A        ,CA612A        ,,,
CA613         ,_model,,CA613         ,CA613         ,,,
CA614         ,_model,,CA614         ,CA614         ,,,
CA615         ,_model,,CA615         ,CA615         ,,,
CA616         ,_model,,CA616         ,CA616         ,,,
CA617         ,_model,,CA617         ,CA617         ,,,
CA618A        ,_model,,CA618A        ,CA618A        ,,,
CA619         ,_model,,CA619         ,CA619         ,,,
CA620         ,_model,,CA620         ,CA620         ,,,
CAMPUS        ,_model,,CAMPUS        ,CAMPUS        ,,,
CAROL         ,_model,,CAROL         ,CAROL         ,,,
CH000A        ,_model,,CH000A        ,CH000A        ,,,
CH000AP       ,_model,,CH000AP       ,CH000AP       ,,,
CH000AT       ,_model,,CH000AT       ,CH000AT       ,,,
CH205A        ,_model,,CH205A        ,CH205A        ,,,
CH205AS       ,_model,,CH205AS       ,CH205AS       ,,,
CH205AT       ,_model,,CH205AT       ,CH205AT       ,,,
CH300A        ,_model,,CH300A        ,CH300A        ,,,
CH300X14A     ,_model,,CH300X14A     ,CH300X14A     ,,,
CH312A        ,_model,,CH312A        ,CH312A        ,,,
CH500A        ,_model,,CH500A        ,CH500A        ,,,
CH601A        ,_model,,CH601A        ,CH601A        ,,,
CH602A        ,_model,,CH602A        ,CH602A        ,,,
CH604X5A      ,_model,,CH604X5A      ,CH604X5A      ,,,
CH605X5A      ,_model,,CH605X5A      ,CH605X5A      ,,,
CH610X7A      ,_model,,CH610X7A      ,CH610X7A      ,,,
CH611X8A      ,_model,,CH611X8A      ,CH611X8A      ,,,
CH613X14A     ,_model,,CH613X14A     ,CH613X14A     ,,,
CH620A        ,_model,,CH620A        ,CH620A        ,,,
CH621A        ,_model,,CH621A        ,CH621A        ,,,
CH625A        ,_model,,CH625A        ,CH625A        ,,,
CHCB          ,_model,,CHCB          ,CHCB          ,,,
CHECKUP       ,_model,,CHECKUP       ,CHECKUP       ,,,
CINNAMONII    ,_model,,CINNAMONII    ,CINNAMONII    ,,,
CK001         ,_model,,CK001         ,CK001         ,,,
CK002         ,_model,,CK002         ,CK002         ,,,
CK002P        ,_model,,CK002P        ,CK002P        ,,,
CK002T        ,_model,,CK002T        ,CK002T        ,,,
CK003         ,_model,,CK003         ,CK003         ,,,
CK003P        ,_model,,CK003P        ,CK003P        ,,,
CK003T        ,_model,,CK003T        ,CK003T        ,,,
CK010         ,_model,,CK010         ,CK010         ,,,
CK010P        ,_model,,CK010P        ,CK010P        ,,,
CK010T        ,_model,,CK010T        ,CK010T        ,,,
CK030A        ,_model,,CK030A        ,CK030A        ,,,
CK030AP       ,_model,,CK030AP       ,CK030AP       ,,,
CK030AT       ,_model,,CK030AT       ,CK030AT       ,,,
CK040         ,_model,,CK040         ,CK040         ,,,
CK040P        ,_model,,CK040P        ,CK040P        ,,,
CK040T        ,_model,,CK040T        ,CK040T        ,,,
CK050A        ,_model,,CK050A        ,CK050A        ,,,
CK050AP       ,_model,,CK050AP       ,CK050AP       ,,,
CK055         ,_model,,CK055         ,CK055         ,,,
CK055P        ,_model,,CK055P        ,CK055P        ,,,
CK055T        ,_model,,CK055T        ,CK055T        ,,,
CK060         ,_model,,CK060         ,CK060         ,,,
CK060P        ,_model,,CK060P        ,CK060P        ,,,
CK060T        ,_model,,CK060T        ,CK060T        ,,,
CK100A        ,_model,,CK100A        ,CK100A        ,,,
CK100AP       ,_model,,CK100AP       ,CK100AP       ,,,
CK100AT       ,_model,,CK100AT       ,CK100AT       ,,,
CK110A        ,_model,,CK110A        ,CK110A        ,,,
CK110AP       ,_model,,CK110AP       ,CK110AP       ,,,
CK110AT       ,_model,,CK110AT       ,CK110AT       ,,,
CK170         ,_model,,CK170         ,CK170         ,,,
CK170P        ,_model,,CK170P        ,CK170P        ,,,
CK200A        ,_model,,CK200A        ,CK200A        ,,,
CK200AS       ,_model,,CK200AS       ,CK200AS       ,,,
CK200AT       ,_model,,CK200AT       ,CK200AT       ,,,
CK210A        ,_model,,CK210A        ,CK210A        ,,,
CK210AS       ,_model,,CK210AS       ,CK210AS       ,,,
CK210AT       ,_model,,CK210AT       ,CK210AT       ,,,
CK300         ,_model,,CK300         ,CK300         ,,,
CK301         ,_model,,CK301         ,CK301         ,,,
CK303         ,_model,,CK303         ,CK303         ,,,
CK305A        ,_model,,CK305A        ,CK305A        ,,,
CK307         ,_model,,CK307         ,CK307         ,,,
CK308         ,_model,,CK308         ,CK308         ,,,
CK309         ,_model,,CK309         ,CK309         ,,,
CK310A        ,_model,,CK310A        ,CK310A        ,,,
CK311         ,_model,,CK311         ,CK311         ,,,
CK312         ,_model,,CK312         ,CK312         ,,,
CK320A        ,_model,,CK320A        ,CK320A        ,,,
CK330A        ,_model,,CK330A        ,CK330A        ,,,
CK335A        ,_model,,CK335A        ,CK335A        ,,,
CK340A        ,_model,,CK340A        ,CK340A        ,,,
CK365         ,_model,,CK365         ,CK365         ,,,
CK370A        ,_model,,CK370A        ,CK370A        ,,,
CK380A        ,_model,,CK380A        ,CK380A        ,,,
CK500         ,_model,,CK500         ,CK500         ,,,
CK501         ,_model,,CK501         ,CK501         ,,,
CK505A        ,_model,,CK505A        ,CK505A        ,,,
CK510A        ,_model,,CK510A        ,CK510A        ,,,
CK520A        ,_model,,CK520A        ,CK520A        ,,,
CK601         ,_model,,CK601         ,CK601         ,,,
CK603         ,_model,,CK603         ,CK603         ,,,
CK605         ,_model,,CK605         ,CK605         ,,,
CK608         ,_model,,CK608         ,CK608         ,,,
CK608A        ,_model,,CK608A        ,CK608A        ,,,
CK608X3A      ,_model,,CK608X3A      ,CK608X3A      ,,,
CK609         ,_model,,CK609         ,CK609         ,,,
CK609A        ,_model,,CK609A        ,CK609A        ,,,
CK610         ,_model,,CK610         ,CK610         ,,,
CK611         ,_model,,CK611         ,CK611         ,,,
CK614         ,_model,,CK614         ,CK614         ,,,
CK616         ,_model,,CK616         ,CK616         ,,,
CK619         ,_model,,CK619         ,CK619         ,,,
CK620         ,_model,,CK620         ,CK620         ,,,
CK621         ,_model,,CK621         ,CK621         ,,,
CK622         ,_model,,CK622         ,CK622         ,,,
CK623A        ,_model,,CK623A        ,CK623A        ,,,
CK624         ,_model,,CK624         ,CK624         ,,,
CK625         ,_model,,CK625         ,CK625         ,,,
CK626         ,_model,,CK626         ,CK626         ,,,
CK628         ,_model,,CK628         ,CK628         ,,,
CK630A        ,_model,,CK630A        ,CK630A        ,,,
CK631         ,_model,,CK631         ,CK631         ,,,
CK634         ,_model,,CK634         ,CK634         ,,,
CK636         ,_model,,CK636         ,CK636         ,,,
CK641         ,_model,,CK641         ,CK641         ,,,
CK642         ,_model,,CK642         ,CK642         ,,,
CK645         ,_model,,CK645         ,CK645         ,,,
CK646         ,_model,,CK646         ,CK646         ,,,
CK650A        ,_model,,CK650A        ,CK650A        ,,,
CK670         ,_model,,CK670         ,CK670         ,,,
CK675         ,_model,,CK675         ,CK675         ,,,
CK680         ,_model,,CK680         ,CK680         ,,,
CK681         ,_model,,CK681         ,CK681         ,,,
CK690A        ,_model,,CK690A        ,CK690A        ,,,
CK695         ,_model,,CK695         ,CK695         ,,,
CK710A        ,_model,,CK710A        ,CK710A        ,,,
CK740A        ,_model,,CK740A        ,CK740A        ,,,
CK765         ,_model,,CK765         ,CK765         ,,,
CK770         ,_model,,CK770         ,CK770         ,,,
CK800         ,_model,,CK800         ,CK800         ,,,
CK870         ,_model,,CK870         ,CK870         ,,,
CK900A        ,_model,,CK900A        ,CK900A        ,,,
CK902         ,_model,,CK902         ,CK902         ,,,
CK910A        ,_model,,CK910A        ,CK910A        ,,,
CLASSICHARMAN ,_model,,CLASSICHARMAN ,CLASSICHARMAN ,,,
CLOVEII       ,_model,,CLOVEII       ,CLOVEII       ,,,
CLUBMEMT      ,_model,,CLUBMEMT      ,CLUBMEMT      ,,,
CMFCOURTPROII ,_model,,CMFCOURTPROII ,CMFCOURTPROII ,,,
CMFHOKE       ,_model,,CMFHOKE       ,CMFHOKE       ,,,
CMFIICOURTPRO ,_model,,CMFIICOURTPRO ,CMFIICOURTPRO ,,,
CMFST329      ,_model,,CMFST329      ,CMFST329      ,,,
CMFTUBESMILLEN,_model,,CMFTUBESMILLEN,CMFTUBESMILLEN,,,
CMFX160TUBES  ,_model,,CMFX160TUBES  ,CMFX160TUBES  ,,,
CMFXATHLEISURE,_model,,CMFXATHLEISURE,CMFXATHLEISURE,,,
CMFXLITE      ,_model,,CMFXLITE      ,CMFXLITE      ,,,
CMFXLITEMJ    ,_model,,CMFXLITEMJ    ,CMFXLITEMJ    ,,,
CMGNA         ,_model,,CMGNA         ,CMGNA         ,,,
CMGWB         ,_model,,CMGWB         ,CMGWB         ,,,
CMHB          ,_model,,CMHB          ,CMHB          ,,,
CMPS          ,_model,,CMPS          ,CMPS          ,,,
CMPSDISPLAY   ,_model,,CMPSDISPLAY   ,CMPSDISPLAY   ,,,
CONQUEST      ,_model,,CONQUEST      ,CONQUEST      ,,,
CONTEND       ,_model,,CONTEND       ,CONTEND       ,,,
COQUINA       ,_model,,COQUINA       ,COQUINA       ,,,
CORALMOTION   ,_model,,CORALMOTION   ,CORALMOTION   ,,,
COURTFRASCO   ,_model,,COURTFRASCO   ,COURTFRASCO   ,,,
COZYWEARS     ,_model,,COZYWEARS     ,COZYWEARS     ,,,
CUMULUS       ,_model,,CUMULUS       ,CUMULUS       ,,,
DARWELL       ,_model,,DARWELL       ,DARWELL       ,,,
DASH          ,_model,,DASH          ,DASH          ,,,
DC10          ,_model,,DC10          ,DC10          ,,,
DC11          ,_model,,DC11          ,DC11          ,,,
DC12          ,_model,,DC12          ,DC12          ,,,
DC13          ,_model,,DC13          ,DC13          ,,,
DC14          ,_model,,DC14          ,DC14          ,,,
DC15          ,_model,,DC15          ,DC15          ,,,
DC16          ,_model,,DC16          ,DC16          ,,,
DC17          ,_model,,DC17          ,DC17          ,,,
DC410         ,_model,,DC410         ,DC410         ,,,
DC411         ,_model,,DC411         ,DC411         ,,,
DC412         ,_model,,DC412         ,DC412         ,,,
DC413         ,_model,,DC413         ,DC413         ,,,
DC414         ,_model,,DC414         ,DC414         ,,,
DC41B         ,_model,,DC41B         ,DC41B         ,,,
DC42B         ,_model,,DC42B         ,DC42B         ,,,
DC43          ,_model,,DC43          ,DC43          ,,,
DC44          ,_model,,DC44          ,DC44          ,,,
DC45          ,_model,,DC45          ,DC45          ,,,
DC46          ,_model,,DC46          ,DC46          ,,,
DC47          ,_model,,DC47          ,DC47          ,,,
DC48          ,_model,,DC48          ,DC48          ,,,
DC49          ,_model,,DC49          ,DC49          ,,,
DC50          ,_model,,DC50          ,DC50          ,,,
DC51          ,_model,,DC51          ,DC51          ,,,
DC52          ,_model,,DC52          ,DC52          ,,,
DC52B         ,_model,,DC52B         ,DC52B         ,,,
DC52BC06      ,_model,,DC52BC06      ,DC52BC06      ,,,
DC53          ,_model,,DC53          ,DC53          ,,,
DC54          ,_model,,DC54          ,DC54          ,,,
DC55          ,_model,,DC55          ,DC55          ,,,
DC56          ,_model,,DC56          ,DC56          ,,,
DC56BC06      ,_model,,DC56BC06      ,DC56BC06      ,,,
DC57          ,_model,,DC57          ,DC57          ,,,
DC57BC06      ,_model,,DC57BC06      ,DC57BC06      ,,,
DC58          ,_model,,DC58          ,DC58          ,,,
DC59          ,_model,,DC59          ,DC59          ,,,
DC591         ,_model,,DC591         ,DC591         ,,,
DC592B        ,_model,,DC592B        ,DC592B        ,,,
DC592R        ,_model,,DC592R        ,DC592R        ,,,
DC60          ,_model,,DC60          ,DC60          ,,,
DC61          ,_model,,DC61          ,DC61          ,,,
DIABETICSEVEN ,_model,,DIABETICSEVEN ,DIABETICSEVEN ,,,
DK005         ,_model,,DK005         ,DK005         ,,,
DK005P        ,_model,,DK005P        ,DK005P        ,,,
DK005T        ,_model,,DK005T        ,DK005T        ,,,
DK010         ,_model,,DK010         ,DK010         ,,,
DK010P        ,_model,,DK010P        ,DK010P        ,,,
DK010T        ,_model,,DK010T        ,DK010T        ,,,
DK015         ,_model,,DK015         ,DK015         ,,,
DK015S        ,_model,,DK015S        ,DK015S        ,,,
DK015T        ,_model,,DK015T        ,DK015T        ,,,
DK020         ,_model,,DK020         ,DK020         ,,,
DK020P        ,_model,,DK020P        ,DK020P        ,,,
DK020T        ,_model,,DK020T        ,DK020T        ,,,
DK100         ,_model,,DK100         ,DK100         ,,,
DK100P        ,_model,,DK100P        ,DK100P        ,,,
DK100T        ,_model,,DK100T        ,DK100T        ,,,
DK101         ,_model,,DK101         ,DK101         ,,,
DK101S        ,_model,,DK101S        ,DK101S        ,,,
DK101T        ,_model,,DK101T        ,DK101T        ,,,
DK106         ,_model,,DK106         ,DK106         ,,,
DK106P        ,_model,,DK106P        ,DK106P        ,,,
DK106T        ,_model,,DK106T        ,DK106T        ,,,
DK110         ,_model,,DK110         ,DK110         ,,,
DK110S        ,_model,,DK110S        ,DK110S        ,,,
DK110T        ,_model,,DK110T        ,DK110T        ,,,
DK112         ,_model,,DK112         ,DK112         ,,,
DK112P        ,_model,,DK112P        ,DK112P        ,,,
DK112T        ,_model,,DK112T        ,DK112T        ,,,
DK120         ,_model,,DK120         ,DK120         ,,,
DK120P        ,_model,,DK120P        ,DK120P        ,,,
DK120T        ,_model,,DK120T        ,DK120T        ,,,
DK130         ,_model,,DK130         ,DK130         ,,,
DK130P        ,_model,,DK130P        ,DK130P        ,,,
DK130T        ,_model,,DK130T        ,DK130T        ,,,
DK140         ,_model,,DK140         ,DK140         ,,,
DK140P        ,_model,,DK140P        ,DK140P        ,,,
DK140T        ,_model,,DK140T        ,DK140T        ,,,
DK160         ,_model,,DK160         ,DK160         ,,,
DK160S        ,_model,,DK160S        ,DK160S        ,,,
DK160T        ,_model,,DK160T        ,DK160T        ,,,
DK165         ,_model,,DK165         ,DK165         ,,,
DK165P        ,_model,,DK165P        ,DK165P        ,,,
DK165T        ,_model,,DK165T        ,DK165T        ,,,
DK170         ,_model,,DK170         ,DK170         ,,,
DK170P        ,_model,,DK170P        ,DK170P        ,,,
DK170T        ,_model,,DK170T        ,DK170T        ,,,
DK180         ,_model,,DK180         ,DK180         ,,,
DK180S        ,_model,,DK180S        ,DK180S        ,,,
DK180T        ,_model,,DK180T        ,DK180T        ,,,
DK185         ,_model,,DK185         ,DK185         ,,,
DK185P        ,_model,,DK185P        ,DK185P        ,,,
DK185T        ,_model,,DK185T        ,DK185T        ,,,
DK190         ,_model,,DK190         ,DK190         ,,,
DK190P        ,_model,,DK190P        ,DK190P        ,,,
DK190T        ,_model,,DK190T        ,DK190T        ,,,
DK195         ,_model,,DK195         ,DK195         ,,,
DK195P        ,_model,,DK195P        ,DK195P        ,,,
DK195T        ,_model,,DK195T        ,DK195T        ,,,
DK200         ,_model,,DK200         ,DK200         ,,,
DK200P        ,_model,,DK200P        ,DK200P        ,,,
DK200T        ,_model,,DK200T        ,DK200T        ,,,
DK205         ,_model,,DK205         ,DK205         ,,,
DK205S        ,_model,,DK205S        ,DK205S        ,,,
DK205T        ,_model,,DK205T        ,DK205T        ,,,
DK301         ,_model,,DK301         ,DK301         ,,,
DK302         ,_model,,DK302         ,DK302         ,,,
DK305         ,_model,,DK305         ,DK305         ,,,
DK306         ,_model,,DK306         ,DK306         ,,,
DK307         ,_model,,DK307         ,DK307         ,,,
DK310         ,_model,,DK310         ,DK310         ,,,
DK315         ,_model,,DK315         ,DK315         ,,,
DK320         ,_model,,DK320         ,DK320         ,,,
DK325         ,_model,,DK325         ,DK325         ,,,
DK330         ,_model,,DK330         ,DK330         ,,,
DK335         ,_model,,DK335         ,DK335         ,,,
DK340         ,_model,,DK340         ,DK340         ,,,
DK345         ,_model,,DK345         ,DK345         ,,,
DK350         ,_model,,DK350         ,DK350         ,,,
DK500         ,_model,,DK500         ,DK500         ,,,
DK501         ,_model,,DK501         ,DK501         ,,,
DK502         ,_model,,DK502         ,DK502         ,,,
DK600         ,_model,,DK600         ,DK600         ,,,
DK602         ,_model,,DK602         ,DK602         ,,,
DK605         ,_model,,DK605         ,DK605         ,,,
DK606         ,_model,,DK606         ,DK606         ,,,
DK607         ,_model,,DK607         ,DK607         ,,,
DK608         ,_model,,DK608         ,DK608         ,,,
DK610         ,_model,,DK610         ,DK610         ,,,
DK611         ,_model,,DK611         ,DK611         ,,,
DK612         ,_model,,DK612         ,DK612         ,,,
DK615         ,_model,,DK615         ,DK615         ,,,
DK625         ,_model,,DK625         ,DK625         ,,,
DK630         ,_model,,DK630         ,DK630         ,,,
DK635         ,_model,,DK635         ,DK635         ,,,
DK640         ,_model,,DK640         ,DK640         ,,,
DK645         ,_model,,DK645         ,DK645         ,,,
DK655         ,_model,,DK655         ,DK655         ,,,
DK660         ,_model,,DK660         ,DK660         ,,,
DK665         ,_model,,DK665         ,DK665         ,,,
DK670         ,_model,,DK670         ,DK670         ,,,
DK680         ,_model,,DK680         ,DK680         ,,,
DK690         ,_model,,DK690         ,DK690         ,,,
DK695         ,_model,,DK695         ,DK695         ,,,
DK700         ,_model,,DK700         ,DK700         ,,,
DK701         ,_model,,DK701         ,DK701         ,,,
DK701X2       ,_model,,DK701X2       ,DK701X2       ,,,
DK702         ,_model,,DK702         ,DK702         ,,,
DK702X2       ,_model,,DK702X2       ,DK702X2       ,,,
DK702X8       ,_model,,DK702X8       ,DK702X8       ,,,
DK704         ,_model,,DK704         ,DK704         ,,,
DK705         ,_model,,DK705         ,DK705         ,,,
DK705X2       ,_model,,DK705X2       ,DK705X2       ,,,
DK707         ,_model,,DK707         ,DK707         ,,,
DK708         ,_model,,DK708         ,DK708         ,,,
DK709         ,_model,,DK709         ,DK709         ,,,
DK712         ,_model,,DK712         ,DK712         ,,,
DK713         ,_model,,DK713         ,DK713         ,,,
DK714         ,_model,,DK714         ,DK714         ,,,
DK715         ,_model,,DK715         ,DK715         ,,,
DK720         ,_model,,DK720         ,DK720         ,,,
DK721         ,_model,,DK721         ,DK721         ,,,
DK723         ,_model,,DK723         ,DK723         ,,,
DK725         ,_model,,DK725         ,DK725         ,,,
DK730         ,_model,,DK730         ,DK730         ,,,
DK731         ,_model,,DK731         ,DK731         ,,,
DK732         ,_model,,DK732         ,DK732         ,,,
DK740         ,_model,,DK740         ,DK740         ,,,
DK741         ,_model,,DK741         ,DK741         ,,,
DK745         ,_model,,DK745         ,DK745         ,,,
DK750         ,_model,,DK750         ,DK750         ,,,
DK755         ,_model,,DK755         ,DK755         ,,,
DK800         ,_model,,DK800         ,DK800         ,,,
DK801         ,_model,,DK801         ,DK801         ,,,
DK803         ,_model,,DK803         ,DK803         ,,,
DK804         ,_model,,DK804         ,DK804         ,,,
DK808         ,_model,,DK808         ,DK808         ,,,
DK900         ,_model,,DK900         ,DK900         ,,,
DK910         ,_model,,DK910         ,DK910         ,,,
DK920         ,_model,,DK920         ,DK920         ,,,
DKP225        ,_model,,DKP225        ,DKP225        ,,,
DKP225P       ,_model,,DKP225P       ,DKP225P       ,,,
DKP250        ,_model,,DKP250        ,DKP250        ,,,
DKP251        ,_model,,DKP251        ,DKP251        ,,,
DKP851        ,_model,,DKP851        ,DKP851        ,,,
DKP885        ,_model,,DKP885        ,DKP885        ,,,
DMXCLOUDRIDE  ,_model,,DMXCLOUDRIDE  ,DMXCLOUDRIDE  ,,,
DMXLITEWALK   ,_model,,DMXLITEWALK   ,DMXLITEWALK   ,,,
DOCSTATIC     ,_model,,DOCSTATIC     ,DOCSTATIC     ,,,
DONOVANWVN    ,_model,,DONOVANWVN    ,DONOVANWVN    ,,,
DOTMYFLOWER   ,_model,,DOTMYFLOWER   ,DOTMYFLOWER   ,,,
DREAMER       ,_model,,DREAMER       ,DREAMER       ,,,
DRIFT         ,_model,,DRIFT         ,DRIFT         ,,,
DRIFTIUMRIDE  ,_model,,DRIFTIUMRIDE  ,DRIFTIUMRIDE  ,,,
DYNAFLYTE3    ,_model,,DYNAFLYTE3    ,DYNAFLYTE3    ,,,
EL130         ,_model,,EL130         ,EL130         ,,,
EL130P        ,_model,,EL130P        ,EL130P        ,,,
EL130T        ,_model,,EL130T        ,EL130T        ,,,
EL150         ,_model,,EL150         ,EL150         ,,,
EL150P        ,_model,,EL150P        ,EL150P        ,,,
EL180         ,_model,,EL180         ,EL180         ,,,
EL180P        ,_model,,EL180P        ,EL180P        ,,,
EL180T        ,_model,,EL180T        ,EL180T        ,,,
EL300         ,_model,,EL300         ,EL300         ,,,
EL310         ,_model,,EL310         ,EL310         ,,,
EL602         ,_model,,EL602         ,EL602         ,,,
EL605         ,_model,,EL605         ,EL605         ,,,
EL615         ,_model,,EL615         ,EL615         ,,,
EL616         ,_model,,EL616         ,EL616         ,,,
EL620         ,_model,,EL620         ,EL620         ,,,
EL640         ,_model,,EL640         ,EL640         ,,,
EL650         ,_model,,EL650         ,EL650         ,,,
EL690         ,_model,,EL690         ,EL690         ,,,
EL710         ,_model,,EL710         ,EL710         ,,,
EL715         ,_model,,EL715         ,EL715         ,,,
EL915         ,_model,,EL915         ,EL915         ,,,
ELASTICCLASSIC,_model,,ELASTICCLASSIC,ELASTICCLASSIC,,,
ERIN          ,_model,,ERIN          ,ERIN          ,,,
ERINII        ,_model,,ERINII        ,ERINII        ,,,
ESOTERRADMX   ,_model,,ESOTERRADMX   ,ESOTERRADMX   ,,,
EVOLUTION     ,_model,,EVOLUTION     ,EVOLUTION     ,,,
EXACT         ,_model,,EXACT         ,EXACT         ,,,
FANELLI       ,_model,,FANELLI       ,FANELLI       ,,,
FASHIONSUPPORT,_model,,FASHIONSUPPORT,FASHIONSUPPORT,,,
FASTTRACK     ,_model,,FASTTRACK     ,FASTTRACK     ,,,
FINADO        ,_model,,FINADO        ,FINADO        ,,,
FINITY        ,_model,,FINITY        ,FINITY        ,,,
FISSION       ,_model,,FISSION       ,FISSION       ,,,
FITSANA       ,_model,,FITSANA       ,FITSANA       ,,,
FLORALMYHEART ,_model,,FLORALMYHEART ,FLORALMYHEART ,,,
FLOW          ,_model,,FLOW          ,FLOW          ,,,
FLY           ,_model,,FLY           ,FLY           ,,,
FORZA         ,_model,,FORZA         ,FORZA         ,,,
FOYOHOOKS     ,_model,,FOYOHOOKS     ,FOYOHOOKS     ,,,
FREENEASY     ,_model,,FREENEASY     ,FREENEASY     ,,,
FUNCTIONALSTRA,_model,,FUNCTIONALSTRA,FUNCTIONALSTRA,,,
FUZEX         ,_model,,FUZEX         ,FUZEX         ,,,
FUZEXKNIT     ,_model,,FUZEXKNIT     ,FUZEXKNIT     ,,,
FUZEXLYTE2    ,_model,,FUZEXLYTE2    ,FUZEXLYTE2    ,,,
FUZEXRUSH     ,_model,,FUZEXRUSH     ,FUZEXRUSH     ,,,
FWTHIRD       ,_model,,FWTHIRD       ,FWTHIRD       ,,,
GALE          ,_model,,GALE          ,GALE          ,,,
GELCONTEND4   ,_model,,GELCONTEND4   ,GELCONTEND4   ,,,
GELCUMULUS20  ,_model,,GELCUMULUS20  ,GELCUMULUS20  ,,,
GELEXALT4     ,_model,,GELEXALT4     ,GELEXALT4     ,,,
GELEXCITE4    ,_model,,GELEXCITE4    ,GELEXCITE4    ,,,
GELFIT        ,_model,,GELFIT        ,GELFIT        ,,,
GELFLUX5      ,_model,,GELFLUX5      ,GELFLUX5      ,,,
GELKAYANO24   ,_model,,GELKAYANO24   ,GELKAYANO24   ,,,
GELKAYANO25   ,_model,,GELKAYANO25   ,GELKAYANO25   ,,,
GELKAYANO25SP ,_model,,GELKAYANO25SP ,GELKAYANO25SP ,,,
GELKENUNMX    ,_model,,GELKENUNMX    ,GELKENUNMX    ,,,
GELMOYA       ,_model,,GELMOYA       ,GELMOYA       ,,,
GELNIMBUS20   ,_model,,GELNIMBUS20   ,GELNIMBUS20   ,,,
GELQUANTUM180 ,_model,,GELQUANTUM180 ,GELQUANTUM180 ,,,
GENKICON      ,_model,,GENKICON      ,GENKICON      ,,,
GINGERII      ,_model,,GINGERII      ,GINGERII      ,,,
GLIDE         ,_model,,GLIDE         ,GLIDE         ,,,
GMUSPD        ,_model,,GMUSPD        ,GMUSPD        ,,,
GOTTHEBLUES   ,_model,,GOTTHEBLUES   ,GOTTHEBLUES   ,,,
GSTAAD        ,_model,,GSTAAD        ,GSTAAD        ,,,
GT10007       ,_model,,GT10007       ,GT10007       ,,,
GT10007SP     ,_model,,GT10007SP     ,GT10007SP     ,,,
GT20005       ,_model,,GT20005       ,GT20005       ,,,
GT20006       ,_model,,GT20006       ,GT20006       ,,,
GT21000       ,_model,,GT21000       ,GT21000       ,,,
GUARDIANANGEL ,_model,,GUARDIANANGEL ,GUARDIANANGEL ,,,
GURESU1       ,_model,,GURESU1       ,GURESU1       ,,,
HAPPYPLACE    ,_model,,HAPPYPLACE    ,HAPPYPLACE    ,,,
HARMONY       ,_model,,HARMONY       ,HARMONY       ,,,
HOPEFUL       ,_model,,HOPEFUL       ,HOPEFUL       ,,,
HOSIERYBH     ,_model,,HOSIERYBH     ,HOSIERYBH     ,,,
HOSIERYLEG    ,_model,,HOSIERYLEG    ,HOSIERYLEG    ,,,
HS020         ,_model,,HS020         ,HS020         ,,,
HS020P        ,_model,,HS020P        ,HS020P        ,,,
HS020T        ,_model,,HS020T        ,HS020T        ,,,
HS025         ,_model,,HS025         ,HS025         ,,,
HS025P        ,_model,,HS025P        ,HS025P        ,,,
HS025T        ,_model,,HS025T        ,HS025T        ,,,
HS030         ,_model,,HS030         ,HS030         ,,,
HS030P        ,_model,,HS030P        ,HS030P        ,,,
HS030T        ,_model,,HS030T        ,HS030T        ,,,
HS045         ,_model,,HS045         ,HS045         ,,,
HS045P        ,_model,,HS045P        ,HS045P        ,,,
HS045T        ,_model,,HS045T        ,HS045T        ,,,
HS301         ,_model,,HS301         ,HS301         ,,,
HS310         ,_model,,HS310         ,HS310         ,,,
HS311         ,_model,,HS311         ,HS311         ,,,
HS315         ,_model,,HS315         ,HS315         ,,,
HS500         ,_model,,HS500         ,HS500         ,,,
HS502         ,_model,,HS502         ,HS502         ,,,
HS600         ,_model,,HS600         ,HS600         ,,,
HS600X3       ,_model,,HS600X3       ,HS600X3       ,,,
HS601         ,_model,,HS601         ,HS601         ,,,
HS602         ,_model,,HS602         ,HS602         ,,,
HS602X8       ,_model,,HS602X8       ,HS602X8       ,,,
HS604         ,_model,,HS604         ,HS604         ,,,
HS605         ,_model,,HS605         ,HS605         ,,,
HS605XB3      ,_model,,HS605XB3      ,HS605XB3      ,,,
HS606         ,_model,,HS606         ,HS606         ,,,
HS607         ,_model,,HS607         ,HS607         ,,,
HS610         ,_model,,HS610         ,HS610         ,,,
HS610X3       ,_model,,HS610X3       ,HS610X3       ,,,
HS611X8       ,_model,,HS611X8       ,HS611X8       ,,,
HS612         ,_model,,HS612         ,HS612         ,,,
HS614         ,_model,,HS614         ,HS614         ,,,
HS616         ,_model,,HS616         ,HS616         ,,,
HS618         ,_model,,HS618         ,HS618         ,,,
HS619         ,_model,,HS619         ,HS619         ,,,
HS620         ,_model,,HS620         ,HS620         ,,,
HS624         ,_model,,HS624         ,HS624         ,,,
HS625         ,_model,,HS625         ,HS625         ,,,
HS627         ,_model,,HS627         ,HS627         ,,,
HS629         ,_model,,HS629         ,HS629         ,,,
HS634         ,_model,,HS634         ,HS634         ,,,
HS650         ,_model,,HS650         ,HS650         ,,,
HS651         ,_model,,HS651         ,HS651         ,,,
HS652         ,_model,,HS652         ,HS652         ,,,
HS655         ,_model,,HS655         ,HS655         ,,,
HS660         ,_model,,HS660         ,HS660         ,,,
HS661         ,_model,,HS661         ,HS661         ,,,
HS665         ,_model,,HS665         ,HS665         ,,,
HS670         ,_model,,HS670         ,HS670         ,,,
HS671         ,_model,,HS671         ,HS671         ,,,
HS675         ,_model,,HS675         ,HS675         ,,,
HS676         ,_model,,HS676         ,HS676         ,,,
HS685         ,_model,,HS685         ,HS685         ,,,
HS8183        ,_model,,HS8183        ,HS8183        ,,,
HS8184        ,_model,,HS8184        ,HS8184        ,,,
ICON          ,_model,,ICON          ,ICON          ,,,
ICONKNIT      ,_model,,ICONKNIT      ,ICONKNIT      ,,,
IISHOESPRING  ,_model,,IISHOESPRING  ,IISHOESPRING  ,,,
INFINITEFUN   ,_model,,INFINITEFUN   ,INFINITEFUN   ,,,
INFINITYTUBES ,_model,,INFINITYTUBES ,INFINITYTUBES ,,,
INJECTEDCLOG  ,_model,,INJECTEDCLOG  ,INJECTEDCLOG  ,,,
INTENSE       ,_model,,INTENSE       ,INTENSE       ,,,
JACKSON       ,_model,,JACKSON       ,JACKSON       ,,,
JASMINE       ,_model,,JASMINE       ,JASMINE       ,,,
JASMINEII     ,_model,,JASMINEII     ,JASMINEII     ,,,
JESSICAII     ,_model,,JESSICAII     ,JESSICAII     ,,,
JETDASHRIDE6  ,_model,,JETDASHRIDE6  ,JETDASHRIDE6  ,,,
JO            ,_model,,JO            ,JO            ,,,
JOANN         ,_model,,JOANN         ,JOANN         ,,,
JONI          ,_model,,JONI          ,JONI          ,,,
KANMEI        ,_model,,KANMEI        ,KANMEI        ,,,
KAYANO        ,_model,,KAYANO        ,KAYANO        ,,,
KICKSTART     ,_model,,KICKSTART     ,KICKSTART     ,,,
L1392         ,_model,,L1392         ,L1392         ,,,
L2113         ,_model,,L2113         ,L2113         ,,,
L2113R        ,_model,,L2113R        ,L2113R        ,,,
L2114         ,_model,,L2114         ,L2114         ,,,
L2114R        ,_model,,L2114R        ,L2114R        ,,,
L2115         ,_model,,L2115         ,L2115         ,,,
L2119         ,_model,,L2119         ,L2119         ,,,
L2120         ,_model,,L2120         ,L2120         ,,,
L2122         ,_model,,L2122         ,L2122         ,,,
L2123         ,_model,,L2123         ,L2123         ,,,
L2124         ,_model,,L2124         ,L2124         ,,,
L2125         ,_model,,L2125         ,L2125         ,,,
L2136         ,_model,,L2136         ,L2136         ,,,
L2139         ,_model,,L2139         ,L2139         ,,,
L2141         ,_model,,L2141         ,L2141         ,,,
L2144L        ,_model,,L2144L        ,L2144L        ,,,
L2146         ,_model,,L2146         ,L2146         ,,,
L2147         ,_model,,L2147         ,L2147         ,,,
L2153         ,_model,,L2153         ,L2153         ,,,
L2155         ,_model,,L2155         ,L2155         ,,,
L2156         ,_model,,L2156         ,L2156         ,,,
L2157         ,_model,,L2157         ,L2157         ,,,
L2159         ,_model,,L2159         ,L2159         ,,,
L2160         ,_model,,L2160         ,L2160         ,,,
L2161         ,_model,,L2161         ,L2161         ,,,
L2163         ,_model,,L2163         ,L2163         ,,,
L2164         ,_model,,L2164         ,L2164         ,,,
L2165         ,_model,,L2165         ,L2165         ,,,
L2167         ,_model,,L2167         ,L2167         ,,,
L2175         ,_model,,L2175         ,L2175         ,,,
L2176         ,_model,,L2176         ,L2176         ,,,
L2178         ,_model,,L2178         ,L2178         ,,,
L2179         ,_model,,L2179         ,L2179         ,,,
L2181         ,_model,,L2181         ,L2181         ,,,
L2182         ,_model,,L2182         ,L2182         ,,,
L2201         ,_model,,L2201         ,L2201         ,,,
L2205         ,_model,,L2205         ,L2205         ,,,
L2210         ,_model,,L2210         ,L2210         ,,,
L2290         ,_model,,L2290         ,L2290         ,,,
L2291         ,_model,,L2291         ,L2291         ,,,
L2292         ,_model,,L2292         ,L2292         ,,,
L2293         ,_model,,L2293         ,L2293         ,,,
L2294         ,_model,,L2294         ,L2294         ,,,
L2296         ,_model,,L2296         ,L2296         ,,,
L2298         ,_model,,L2298         ,L2298         ,,,
L2301         ,_model,,L2301         ,L2301         ,,,
L2306         ,_model,,L2306         ,L2306         ,,,
L2450         ,_model,,L2450         ,L2450         ,,,
L2451         ,_model,,L2451         ,L2451         ,,,
L2452         ,_model,,L2452         ,L2452         ,,,
L2453         ,_model,,L2453         ,L2453         ,,,
L2454         ,_model,,L2454         ,L2454         ,,,
L2455         ,_model,,L2455         ,L2455         ,,,
L2456         ,_model,,L2456         ,L2456         ,,,
L2630         ,_model,,L2630         ,L2630         ,,,
L2632         ,_model,,L2632         ,L2632         ,,,
L2633         ,_model,,L2633         ,L2633         ,,,
L2942         ,_model,,L2942         ,L2942         ,,,
L3100BK27     ,_model,,L3100BK27     ,L3100BK27     ,,,
L3100BU       ,_model,,L3100BU       ,L3100BU       ,,,
L3100NB       ,_model,,L3100NB       ,L3100NB       ,,,
L3200BK27     ,_model,,L3200BK27     ,L3200BK27     ,,,
L3200BU       ,_model,,L3200BU       ,L3200BU       ,,,
L3200NB       ,_model,,L3200NB       ,L3200NB       ,,,
L36544        ,_model,,L36544        ,L36544        ,,,
L36545        ,_model,,L36545        ,L36545        ,,,
L36546        ,_model,,L36546        ,L36546        ,,,
L36547        ,_model,,L36547        ,L36547        ,,,
L36550        ,_model,,L36550        ,L36550        ,,,
L36554        ,_model,,L36554        ,L36554        ,,,
L36563        ,_model,,L36563        ,L36563        ,,,
L36569        ,_model,,L36569        ,L36569        ,,,
L36571        ,_model,,L36571        ,L36571        ,,,
L38742        ,_model,,L38742        ,L38742        ,,,
L40001        ,_model,,L40001        ,L40001        ,,,
L40002        ,_model,,L40002        ,L40002        ,,,
L40003        ,_model,,L40003        ,L40003        ,,,
L40004        ,_model,,L40004        ,L40004        ,,,
L40005        ,_model,,L40005        ,L40005        ,,,
L40006        ,_model,,L40006        ,L40006        ,,,
L40007        ,_model,,L40007        ,L40007        ,,,
L40008        ,_model,,L40008        ,L40008        ,,,
L40011        ,_model,,L40011        ,L40011        ,,,
L40012        ,_model,,L40012        ,L40012        ,,,
L40013        ,_model,,L40013        ,L40013        ,,,
L40016        ,_model,,L40016        ,L40016        ,,,
L40017        ,_model,,L40017        ,L40017        ,,,
L40018        ,_model,,L40018        ,L40018        ,,,
L40020        ,_model,,L40020        ,L40020        ,,,
L40021        ,_model,,L40021        ,L40021        ,,,
L40022        ,_model,,L40022        ,L40022        ,,,
L40023        ,_model,,L40023        ,L40023        ,,,
L44525        ,_model,,L44525        ,L44525        ,,,
L5110         ,_model,,L5110         ,L5110         ,,,
L51159        ,_model,,L51159        ,L51159        ,,,
L51163        ,_model,,L51163        ,L51163        ,,,
L5620         ,_model,,L5620         ,L5620         ,,,
L5621         ,_model,,L5621         ,L5621         ,,,
L5622         ,_model,,L5622         ,L5622         ,,,
L5623         ,_model,,L5623         ,L5623         ,,,
L5624         ,_model,,L5624         ,L5624         ,,,
L5626         ,_model,,L5626         ,L5626         ,,,
L5627         ,_model,,L5627         ,L5627         ,,,
L5629         ,_model,,L5629         ,L5629         ,,,
L5630         ,_model,,L5630         ,L5630         ,,,
L5631         ,_model,,L5631         ,L5631         ,,,
L5633         ,_model,,L5633         ,L5633         ,,,
L5803BE       ,_model,,L5803BE       ,L5803BE       ,,,
L5806RB       ,_model,,L5806RB       ,L5806RB       ,,,
L5807RB       ,_model,,L5807RB       ,L5807RB       ,,,
L5809CPR      ,_model,,L5809CPR      ,L5809CPR      ,,,
L5811SM       ,_model,,L5811SM       ,L5811SM       ,,,
L5812SM       ,_model,,L5812SM       ,L5812SM       ,,,
L5829         ,_model,,L5829         ,L5829         ,,,
L5831         ,_model,,L5831         ,L5831         ,,,
L5832         ,_model,,L5832         ,L5832         ,,,
L5835         ,_model,,L5835         ,L5835         ,,,
L5839         ,_model,,L5839         ,L5839         ,,,
L5840         ,_model,,L5840         ,L5840         ,,,
L5861CF       ,_model,,L5861CF       ,L5861CF       ,,,
L5862MF       ,_model,,L5862MF       ,L5862MF       ,,,
L5863MF       ,_model,,L5863MF       ,L5863MF       ,,,
L5864CF       ,_model,,L5864CF       ,L5864CF       ,,,
L5865MF       ,_model,,L5865MF       ,L5865MF       ,,,
L5867BE       ,_model,,L5867BE       ,L5867BE       ,,,
L5868BE       ,_model,,L5868BE       ,L5868BE       ,,,
L5869BE       ,_model,,L5869BE       ,L5869BE       ,,,
L5870RB       ,_model,,L5870RB       ,L5870RB       ,,,
L5871SM       ,_model,,L5871SM       ,L5871SM       ,,,
L6151         ,_model,,L6151         ,L6151         ,,,
L6152         ,_model,,L6152         ,L6152         ,,,
L6153         ,_model,,L6153         ,L6153         ,,,
L6154         ,_model,,L6154         ,L6154         ,,,
L6155         ,_model,,L6155         ,L6155         ,,,
L6156         ,_model,,L6156         ,L6156         ,,,
L6157         ,_model,,L6157         ,L6157         ,,,
L6158         ,_model,,L6158         ,L6158         ,,,
L6159         ,_model,,L6159         ,L6159         ,,,
L6162SM       ,_model,,L6162SM       ,L6162SM       ,,,
L6163BE       ,_model,,L6163BE       ,L6163BE       ,,,
L6164BRS      ,_model,,L6164BRS      ,L6164BRS      ,,,
L6165RB       ,_model,,L6165RB       ,L6165RB       ,,,
L6166SM       ,_model,,L6166SM       ,L6166SM       ,,,
L6168BE       ,_model,,L6168BE       ,L6168BE       ,,,
L6169MF       ,_model,,L6169MF       ,L6169MF       ,,,
L6170MF       ,_model,,L6170MF       ,L6170MF       ,,,
L6171SM       ,_model,,L6171SM       ,L6171SM       ,,,
L6176CF       ,_model,,L6176CF       ,L6176CF       ,,,
L6177MF       ,_model,,L6177MF       ,L6177MF       ,,,
L6178SM       ,_model,,L6178SM       ,L6178SM       ,,,
L6179CF       ,_model,,L6179CF       ,L6179CF       ,,,
L6190CF       ,_model,,L6190CF       ,L6190CF       ,,,
LAYERSPEAK    ,_model,,LAYERSPEAK    ,LAYERSPEAK    ,,,
LETUBESRUN    ,_model,,LETUBESRUN    ,LETUBESRUN    ,,,
LIFT          ,_model,,LIFT          ,LIFT          ,,,
LOVINGLIFE    ,_model,,LOVINGLIFE    ,LOVINGLIFE    ,,,
LTANYWEAR     ,_model,,LTANYWEAR     ,LTANYWEAR     ,,,
LTEVERYWEAR   ,_model,,LTEVERYWEAR   ,LTEVERYWEAR   ,,,
LXLTANYWEAR   ,_model,,LXLTANYWEAR   ,LXLTANYWEAR   ,,,
LXLTEVERYWEAR ,_model,,LXLTEVERYWEAR ,LXLTEVERYWEAR ,,,
LXSTRAPS      ,_model,,LXSTRAPS      ,LXSTRAPS      ,,,
MAEROTRAINERL ,_model,,MAEROTRAINERL ,MAEROTRAINERL ,,,
MAGGIE        ,_model,,MAGGIE        ,MAGGIE        ,,,
MAMBO         ,_model,,MAMBO         ,MAMBO         ,,,
MARIAH        ,_model,,MARIAH        ,MARIAH        ,,,
MARLENE       ,_model,,MARLENE       ,MARLENE       ,,,
MARYANN       ,_model,,MARYANN       ,MARYANN       ,,,
MASTRORIDERUN ,_model,,MASTRORIDERUN ,MASTRORIDERUN ,,,
MASTRORIDEWALK,_model,,MASTRORIDEWALK,MASTRORIDEWALK,,,
MCLHARMANRUN  ,_model,,MCLHARMANRUN  ,MCLHARMANRUN  ,,,
MCMFIICOURTPRO,_model,,MCMFIICOURTPRO,MCMFIICOURTPRO,,,
MCMFST329     ,_model,,MCMFST329     ,MCMFST329     ,,,
MCOUNTDOWN2   ,_model,,MCOUNTDOWN2   ,MCOUNTDOWN2   ,,,
MDF505        ,_model,,MDF505        ,MDF505        ,,,
MDF505XL      ,_model,,MDF505XL      ,MDF505XL      ,,,
MDF515BT      ,_model,,MDF515BT      ,MDF515BT      ,,,
MDF515PBT     ,_model,,MDF515PBT     ,MDF515PBT     ,,,
MDF535        ,_model,,MDF535        ,MDF535        ,,,
MDF535XT      ,_model,,MDF535XT      ,MDF535XT      ,,,
MDF545        ,_model,,MDF545        ,MDF545        ,,,
MDF555        ,_model,,MDF555        ,MDF555        ,,,
MDF555P       ,_model,,MDF555P       ,MDF555P       ,,,
MDF611        ,_model,,MDF611        ,MDF611        ,,,
MDF621        ,_model,,MDF621        ,MDF621        ,,,
MDF740        ,_model,,MDF740        ,MDF740        ,,,
MDF747XP      ,_model,,MDF747XP      ,MDF747XP      ,,,
MDF757PT      ,_model,,MDF757PT      ,MDF757PT      ,,,
MDF767        ,_model,,MDF767        ,MDF767        ,,,
MDF767X       ,_model,,MDF767X       ,MDF767X       ,,,
MDF777        ,_model,,MDF777        ,MDF777        ,,,
MDF777C       ,_model,,MDF777C       ,MDF777C       ,,,
MDF777DT      ,_model,,MDF777DT      ,MDF777DT      ,,,
MDF777I       ,_model,,MDF777I       ,MDF777I       ,,,
MDF787XP      ,_model,,MDF787XP      ,MDF787XP      ,,,
MDF797        ,_model,,MDF797        ,MDF797        ,,,
MDF797CCT     ,_model,,MDF797CCT     ,MDF797CCT     ,,,
MDF797DD      ,_model,,MDF797DD      ,MDF797DD      ,,,
MDF797DDT     ,_model,,MDF797DDT     ,MDF797DDT     ,,,
MDF797T       ,_model,,MDF797T       ,MDF797T       ,,,
MDF797X       ,_model,,MDF797X       ,MDF797X       ,,,
MDF808        ,_model,,MDF808        ,MDF808        ,,,
MDF808B       ,_model,,MDF808B       ,MDF808B       ,,,
MDF808M       ,_model,,MDF808M       ,MDF808M       ,,,
MDF808MKT1    ,_model,,MDF808MKT1    ,MDF808MKT1    ,,,
MDF808MKT2    ,_model,,MDF808MKT2    ,MDF808MKT2    ,,,
MDF848AR      ,_model,,MDF848AR      ,MDF848AR      ,,,
MDF848IC      ,_model,,MDF848IC      ,MDF848IC      ,,,
MDF848XPD     ,_model,,MDF848XPD     ,MDF848XPD     ,,,
MDRIFTIUMRIDE ,_model,,MDRIFTIUMRIDE ,MDRIFTIUMRIDE ,,,
MEDHOSIERYRACK,_model,,MEDHOSIERYRACK,MEDHOSIERYRACK,,,
MEDISOCK      ,_model,,MEDISOCK      ,MEDISOCK      ,,,
MELASTICCLASSI,_model,,MELASTICCLASSI,MELASTICCLASSI,,,
MEMORYCHELSEA ,_model,,MEMORYCHELSEA ,MEMORYCHELSEA ,,,
MEMORYFRESH   ,_model,,MEMORYFRESH   ,MEMORYFRESH   ,,,
MEMORYOCTAVE2 ,_model,,MEMORYOCTAVE2 ,MEMORYOCTAVE2 ,,,
MERCURY       ,_model,,MERCURY       ,MERCURY       ,,,
METEOR        ,_model,,METEOR        ,METEOR        ,,,
MFLOW         ,_model,,MFLOW         ,MFLOW         ,,,
MFLY          ,_model,,MFLY          ,MFLY          ,,,
MGELKAYANO24  ,_model,,MGELKAYANO24  ,MGELKAYANO24  ,,,
MGELKAYANO25  ,_model,,MGELKAYANO25  ,MGELKAYANO25  ,,,
MGELKAYANO25SP,_model,,MGELKAYANO25SP,MGELKAYANO25SP,,,
MGELKENUNMX   ,_model,,MGELKENUNMX   ,MGELKENUNMX   ,,,
MGELMOYA      ,_model,,MGELMOYA      ,MGELMOYA      ,,,
MGENKMANIFESTO,_model,,MGENKMANIFESTO,MGENKMANIFESTO,,,
MGT10007      ,_model,,MGT10007      ,MGT10007      ,,,
MHEXAFFECTRUN ,_model,,MHEXAFFECTRUN ,MHEXAFFECTRUN ,,,
MICONKNIT     ,_model,,MICONKNIT     ,MICONKNIT     ,,,
MIDNIGHTMAGIC ,_model,,MIDNIGHTMAGIC ,MIDNIGHTMAGIC ,,,
MILEY         ,_model,,MILEY         ,MILEY         ,,,
MIMI          ,_model,,MIMI          ,MIMI          ,,,
MINFINITEFUN  ,_model,,MINFINITEFUN  ,MINFINITEFUN  ,,,
MINFINITYTUBES,_model,,MINFINITYTUBES,MINFINITYTUBES,,,
MINSPELL      ,_model,,MINSPELL      ,MINSPELL      ,,,
MKAYANO       ,_model,,MKAYANO       ,MKAYANO       ,,,
MNIMBUS20     ,_model,,MNIMBUS20     ,MNIMBUS20     ,,,
MNOOSA        ,_model,,MNOOSA        ,MNOOSA        ,,,
MPRINTLITERUSH,_model,,MPRINTLITERUSH,MPRINTLITERUSH,,,
MROADHAWK     ,_model,,MROADHAWK     ,MROADHAWK     ,,,
MRUSH         ,_model,,MRUSH         ,MRUSH         ,,,
MSHOESPRING   ,_model,,MSHOESPRING   ,MSHOESPRING   ,,,
MTORRANCE     ,_model,,MTORRANCE     ,MTORRANCE     ,,,
MTRAINFLEX2   ,_model,,MTRAINFLEX2   ,MTRAINFLEX2   ,,,
MULTISWIFT    ,_model,,MULTISWIFT    ,MULTISWIFT    ,,,
MULTISWIFT2   ,_model,,MULTISWIFT2   ,MULTISWIFT2   ,,,
MWORKSHIFT    ,_model,,MWORKSHIFT    ,MWORKSHIFT    ,,,
MWTFFUNCTIONAL,_model,,MWTFFUNCTIONAL,MWTFFUNCTIONAL,,,
MYLA          ,_model,,MYLA          ,MYLA          ,,,
NADIA         ,_model,,NADIA         ,NADIA         ,,,
NIMBUS        ,_model,,NIMBUS        ,NIMBUS        ,,,
NIMBUS20      ,_model,,NIMBUS20      ,NIMBUS20      ,,,
NOLA          ,_model,,NOLA          ,NOLA          ,,,
NOOSA         ,_model,,NOOSA         ,NOOSA         ,,,
NOOSAFF2      ,_model,,NOOSAFF2      ,NOOSAFF2      ,,,
NORMA         ,_model,,NORMA         ,NORMA         ,,,
NURSESRULE    ,_model,,NURSESRULE    ,NURSESRULE    ,,,
NUTMEG        ,_model,,NUTMEG        ,NUTMEG        ,,,
OVERTIME      ,_model,,OVERTIME      ,OVERTIME      ,,,
PALOMINO      ,_model,,PALOMINO      ,PALOMINO      ,,,
PAM           ,_model,,PAM           ,PAM           ,,,
PATRICIA      ,_model,,PATRICIA      ,PATRICIA      ,,,
PEACHYKEEN    ,_model,,PEACHYKEEN    ,PEACHYKEEN    ,,,
PEAK          ,_model,,PEAK          ,PEAK          ,,,
PHATFORTUNA   ,_model,,PHATFORTUNA   ,PHATFORTUNA   ,,,
PHATHOOP      ,_model,,PHATHOOP      ,PHATHOOP      ,,,
PICO          ,_model,,PICO          ,PICO          ,,,
PLOGS         ,_model,,PLOGS         ,PLOGS         ,,,
PLUSLITE      ,_model,,PLUSLITE      ,PLUSLITE      ,,,
PLUSLITETI    ,_model,,PLUSLITETI    ,PLUSLITETI    ,,,
POINT         ,_model,,POINT         ,POINT         ,,,
POPPYSR       ,_model,,POPPYSR       ,POPPYSR       ,,,
PRINCESS      ,_model,,PRINCESS      ,PRINCESS      ,,,
PRINTATHLUX   ,_model,,PRINTATHLUX   ,PRINTATHLUX   ,,,
PRINTHER2     ,_model,,PRINTHER2     ,PRINTHER2     ,,,
PRINTLITERUSH ,_model,,PRINTLITERUSH ,PRINTLITERUSH ,,,
PRINTRUN      ,_model,,PRINTRUN      ,PRINTRUN      ,,,
PRINTSUPPORT  ,_model,,PRINTSUPPORT  ,PRINTSUPPORT  ,,,
PROFESSIONAL  ,_model,,PROFESSIONAL  ,PROFESSIONAL  ,,,
PTPRIMERUN2   ,_model,,PTPRIMERUN2   ,PTPRIMERUN2   ,,,
PURPLEPARADISE,_model,,PURPLEPARADISE,PURPLEPARADISE,,,
PURSUITSEVEN  ,_model,,PURSUITSEVEN  ,PURSUITSEVEN  ,,,
PURSUITZERO   ,_model,,PURSUITZERO   ,PURSUITZERO   ,,,
QUANTUM180    ,_model,,QUANTUM180    ,QUANTUM180    ,,,
QUICKWALK     ,_model,,QUICKWALK     ,QUICKWALK     ,,,
R1438         ,_model,,R1438         ,R1438         ,,,
R1441         ,_model,,R1441         ,R1441         ,,,
R1442         ,_model,,R1442         ,R1442         ,,,
R1474         ,_model,,R1474         ,R1474         ,,,
R1860         ,_model,,R1860         ,R1860         ,,,
R5765         ,_model,,R5765         ,R5765         ,,,
RANGE         ,_model,,RANGE         ,RANGE         ,,,
RANNELL2      ,_model,,RANNELL2      ,RANNELL2      ,,,
RCLOGZLIGHTS  ,_model,,RCLOGZLIGHTS  ,RCLOGZLIGHTS  ,,,
REALTRAIN     ,_model,,REALTRAIN     ,REALTRAIN     ,,,
RIBBONOFHOPE  ,_model,,RIBBONOFHOPE  ,RIBBONOFHOPE  ,,,
RIBBONSFORCURE,_model,,RIBBONSFORCURE,RIBBONSFORCURE,,,
RISE          ,_model,,RISE          ,RISE          ,,,
ROADHAWK      ,_model,,ROADHAWK      ,ROADHAWK      ,,,
ROADHAWKFF    ,_model,,ROADHAWKFF    ,ROADHAWKFF    ,,,
ROBINSR       ,_model,,ROBINSR       ,ROBINSR       ,,,
RODEO         ,_model,,RODEO         ,RODEO         ,,,
ROMA          ,_model,,ROMA          ,ROMA          ,,,
ROYALASPIRE2  ,_model,,ROYALASPIRE2  ,ROYALASPIRE2  ,,,
ROYALCLJOGGER ,_model,,ROYALCLJOGGER ,ROYALCLJOGGER ,,,
ROYALULTRASL  ,_model,,ROYALULTRASL  ,ROYALULTRASL  ,,,
RPMINSOLES    ,_model,,RPMINSOLES    ,RPMINSOLES    ,,,
RUNSUPREME    ,_model,,RUNSUPREME    ,RUNSUPREME    ,,,
RUNTRONIC     ,_model,,RUNTRONIC     ,RUNTRONIC     ,,,
RUSH          ,_model,,RUSH          ,RUSH          ,,,
RW601         ,_model,,RW601         ,RW601         ,,,
RW601X3       ,_model,,RW601X3       ,RW601X3       ,,,
RW605X4       ,_model,,RW605X4       ,RW605X4       ,,,
RW606X8       ,_model,,RW606X8       ,RW606X8       ,,,
RW607         ,_model,,RW607         ,RW607         ,,,
RW607X3       ,_model,,RW607X3       ,RW607X3       ,,,
S85337030M    ,_model,,S85337030M    ,S85337030M    ,,,
SA100A        ,_model,,SA100A        ,SA100A        ,,,
SA100AP       ,_model,,SA100AP       ,SA100AP       ,,,
SA100AT       ,_model,,SA100AT       ,SA100AT       ,,,
SA101A        ,_model,,SA101A        ,SA101A        ,,,
SA101AP       ,_model,,SA101AP       ,SA101AP       ,,,
SA101AT       ,_model,,SA101AT       ,SA101AT       ,,,
SA300A        ,_model,,SA300A        ,SA300A        ,,,
SA400A        ,_model,,SA400A        ,SA400A        ,,,
SA600A        ,_model,,SA600A        ,SA600A        ,,,
SA601A        ,_model,,SA601A        ,SA601A        ,,,
SA603A        ,_model,,SA603A        ,SA603A        ,,,
SBBASIC       ,_model,,SBBASIC       ,SBBASIC       ,,,
SHARKZ        ,_model,,SHARKZ        ,SHARKZ        ,,,
SHOESPRING    ,_model,,SHOESPRING    ,SHOESPRING    ,,,
SKATE         ,_model,,SKATE         ,SKATE         ,,,
SKYCUSHCASUAL ,_model,,SKYCUSHCASUAL ,SKYCUSHCASUAL ,,,
SL5100        ,_model,,SL5100        ,SL5100        ,,,
SMOKEII       ,_model,,SMOKEII       ,SMOKEII       ,,,
SODELICIOUS   ,_model,,SODELICIOUS   ,SODELICIOUS   ,,,
SOMETHINGFUN  ,_model,,SOMETHINGFUN  ,SOMETHINGFUN  ,,,
SPAIN         ,_model,,SPAIN         ,SPAIN         ,,,
SPARK         ,_model,,SPARK         ,SPARK         ,,,
SPEEDPAK      ,_model,,SPEEDPAK      ,SPEEDPAK      ,,,
SPEEDSTERRACE ,_model,,SPEEDSTERRACE ,SPEEDSTERRACE ,,,
SPEEDSTRIDETR ,_model,,SPEEDSTRIDETR ,SPEEDSTRIDETR ,,,
SPLENDID      ,_model,,SPLENDID      ,SPLENDID      ,,,
SPRINGBOARD   ,_model,,SPRINGBOARD   ,SPRINGBOARD   ,,,
SPRINGWAVE    ,_model,,SPRINGWAVE    ,SPRINGWAVE    ,,,
SRANGEL       ,_model,,SRANGEL       ,SRANGEL       ,,,
ST329         ,_model,,ST329         ,ST329         ,,,
STORM         ,_model,,STORM         ,STORM         ,,,
STRIPESNHEARTS,_model,,STRIPESNHEARTS,STRIPESNHEARTS,,,
STRIPESONSTRIP,_model,,STRIPESONSTRIP,STRIPESONSTRIP,,,
STRYPEAPOSE   ,_model,,STRYPEAPOSE   ,STRYPEAPOSE   ,,,
STUDIO        ,_model,,STUDIO        ,STUDIO        ,,,
SUBLITETRAIN  ,_model,,SUBLITETRAIN  ,SUBLITETRAIN  ,,,
SUNFLOWER     ,_model,,SUNFLOWER     ,SUNFLOWER     ,,,
SUSTAINTWELVE ,_model,,SUSTAINTWELVE ,SUSTAINTWELVE ,,,
SUZANNE       ,_model,,SUZANNE       ,SUZANNE       ,,,
SWEETSPOT     ,_model,,SWEETSPOT     ,SWEETSPOT     ,,,
TANGO         ,_model,,TANGO         ,TANGO         ,,,
TANYA         ,_model,,TANYA         ,TANYA         ,,,
TF172         ,_model,,TF172         ,TF172         ,,,
TF300         ,_model,,TF300         ,TF300         ,,,
TF301         ,_model,,TF301         ,TF301         ,,,
TF303         ,_model,,TF303         ,TF303         ,,,
TF305         ,_model,,TF305         ,TF305         ,,,
TF306         ,_model,,TF306         ,TF306         ,,,
TF309         ,_model,,TF309         ,TF309         ,,,
TF330         ,_model,,TF330         ,TF330         ,,,
TF350         ,_model,,TF350         ,TF350         ,,,
TF371         ,_model,,TF371         ,TF371         ,,,
TF374         ,_model,,TF374         ,TF374         ,,,
TF400         ,_model,,TF400         ,TF400         ,,,
TF401         ,_model,,TF401         ,TF401         ,,,
TF500         ,_model,,TF500         ,TF500         ,,,
TF502         ,_model,,TF502         ,TF502         ,,,
TF577         ,_model,,TF577         ,TF577         ,,,
TF599         ,_model,,TF599         ,TF599         ,,,
TF602XB6      ,_model,,TF602XB6      ,TF602XB6      ,,,
TF603XB5      ,_model,,TF603XB5      ,TF603XB5      ,,,
TF606         ,_model,,TF606         ,TF606         ,,,
TF606XB6      ,_model,,TF606XB6      ,TF606XB6      ,,,
TF608         ,_model,,TF608         ,TF608         ,,,
TF608XB6      ,_model,,TF608XB6      ,TF608XB6      ,,,
TF610         ,_model,,TF610         ,TF610         ,,,
TF611         ,_model,,TF611         ,TF611         ,,,
TF614         ,_model,,TF614         ,TF614         ,,,
TF615         ,_model,,TF615         ,TF615         ,,,
TF618         ,_model,,TF618         ,TF618         ,,,
TF621         ,_model,,TF621         ,TF621         ,,,
TF622         ,_model,,TF622         ,TF622         ,,,
TF623         ,_model,,TF623         ,TF623         ,,,
TF624         ,_model,,TF624         ,TF624         ,,,
TF625         ,_model,,TF625         ,TF625         ,,,
TF626         ,_model,,TF626         ,TF626         ,,,
TF627         ,_model,,TF627         ,TF627         ,,,
TF629         ,_model,,TF629         ,TF629         ,,,
TF630         ,_model,,TF630         ,TF630         ,,,
TF631         ,_model,,TF631         ,TF631         ,,,
TF632         ,_model,,TF632         ,TF632         ,,,
TF633         ,_model,,TF633         ,TF633         ,,,
TF634         ,_model,,TF634         ,TF634         ,,,
TF635         ,_model,,TF635         ,TF635         ,,,
TF636         ,_model,,TF636         ,TF636         ,,,
TF637         ,_model,,TF637         ,TF637         ,,,
TF638         ,_model,,TF638         ,TF638         ,,,
TF639         ,_model,,TF639         ,TF639         ,,,
TF640         ,_model,,TF640         ,TF640         ,,,
TF641         ,_model,,TF641         ,TF641         ,,,
TF644         ,_model,,TF644         ,TF644         ,,,
TF645         ,_model,,TF645         ,TF645         ,,,
TF646         ,_model,,TF646         ,TF646         ,,,
TF647         ,_model,,TF647         ,TF647         ,,,
TF648         ,_model,,TF648         ,TF648         ,,,
TF649         ,_model,,TF649         ,TF649         ,,,
TF651         ,_model,,TF651         ,TF651         ,,,
TF652         ,_model,,TF652         ,TF652         ,,,
TF653         ,_model,,TF653         ,TF653         ,,,
TF654         ,_model,,TF654         ,TF654         ,,,
TF655         ,_model,,TF655         ,TF655         ,,,
TF657         ,_model,,TF657         ,TF657         ,,,
TF659         ,_model,,TF659         ,TF659         ,,,
TF660         ,_model,,TF660         ,TF660         ,,,
TF661         ,_model,,TF661         ,TF661         ,,,
TF662         ,_model,,TF662         ,TF662         ,,,
TF663         ,_model,,TF663         ,TF663         ,,,
TF665         ,_model,,TF665         ,TF665         ,,,
TF666         ,_model,,TF666         ,TF666         ,,,
TF670         ,_model,,TF670         ,TF670         ,,,
TF674         ,_model,,TF674         ,TF674         ,,,
TF675         ,_model,,TF675         ,TF675         ,,,
TF676         ,_model,,TF676         ,TF676         ,,,
TF680         ,_model,,TF680         ,TF680         ,,,
TF681         ,_model,,TF681         ,TF681         ,,,
TF684         ,_model,,TF684         ,TF684         ,,,
TF685         ,_model,,TF685         ,TF685         ,,,
TF686         ,_model,,TF686         ,TF686         ,,,
TF691         ,_model,,TF691         ,TF691         ,,,
TF692         ,_model,,TF692         ,TF692         ,,,
TF693         ,_model,,TF693         ,TF693         ,,,
TF694         ,_model,,TF694         ,TF694         ,,,
TF695         ,_model,,TF695         ,TF695         ,,,
TF700         ,_model,,TF700         ,TF700         ,,,
TF701         ,_model,,TF701         ,TF701         ,,,
TF702         ,_model,,TF702         ,TF702         ,,,
TF703         ,_model,,TF703         ,TF703         ,,,
TF705         ,_model,,TF705         ,TF705         ,,,
TF707         ,_model,,TF707         ,TF707         ,,,
TF711         ,_model,,TF711         ,TF711         ,,,
TF717         ,_model,,TF717         ,TF717         ,,,
TF734         ,_model,,TF734         ,TF734         ,,,
TF741         ,_model,,TF741         ,TF741         ,,,
TF742         ,_model,,TF742         ,TF742         ,,,
TF765         ,_model,,TF765         ,TF765         ,,,
TF766         ,_model,,TF766         ,TF766         ,,,
TF767         ,_model,,TF767         ,TF767         ,,,
TF768         ,_model,,TF768         ,TF768         ,,,
TF773         ,_model,,TF773         ,TF773         ,,,
TF902         ,_model,,TF902         ,TF902         ,,,
TF904         ,_model,,TF904         ,TF904         ,,,
TF953         ,_model,,TF953         ,TF953         ,,,
TFCS107       ,_model,,TFCS107       ,TFCS107       ,,,
TFCS116       ,_model,,TFCS116       ,TFCS116       ,,,
TFCS161       ,_model,,TFCS161       ,TFCS161       ,,,
TFCS167       ,_model,,TFCS167       ,TFCS167       ,,,
TFCS171       ,_model,,TFCS171       ,TFCS171       ,,,
TFCS177       ,_model,,TFCS177       ,TFCS177       ,,,
TFCS179       ,_model,,TFCS179       ,TFCS179       ,,,
TFCS181       ,_model,,TFCS181       ,TFCS181       ,,,
TFCS187       ,_model,,TFCS187       ,TFCS187       ,,,
TFCS189       ,_model,,TFCS189       ,TFCS189       ,,,
TFCS191       ,_model,,TFCS191       ,TFCS191       ,,,
TFCS197       ,_model,,TFCS197       ,TFCS197       ,,,
TFD8154       ,_model,,TFD8154       ,TFD8154       ,,,
THINKPOSEYTIVE,_model,,THINKPOSEYTIVE,THINKPOSEYTIVE,,,
THUNDERFIRE   ,_model,,THUNDERFIRE   ,THUNDERFIRE   ,,,
TILDEN        ,_model,,TILDEN        ,TILDEN        ,,,
TONI          ,_model,,TONI          ,TONI          ,,,
TORRANCE      ,_model,,TORRANCE      ,TORRANCE      ,,,
TRIUMPH       ,_model,,TRIUMPH       ,TRIUMPH       ,,,
TROUSERSOCK   ,_model,,TROUSERSOCK   ,TROUSERSOCK   ,,,
TRYONS        ,_model,,TRYONS        ,TRYONS        ,,,
TULIP         ,_model,,TULIP         ,TULIP         ,,,
TWISTFORMBLAZE,_model,,TWISTFORMBLAZE,TWISTFORMBLAZE,,,
VACATIONVIBES ,_model,,VACATIONVIBES ,VACATIONVIBES ,,,
VENTPLOGS     ,_model,,VENTPLOGS     ,VENTPLOGS     ,,,
VENTURE       ,_model,,VENTURE       ,VENTURE       ,,,
VERSA         ,_model,,VERSA         ,VERSA         ,,,
VERSAX2       ,_model,,VERSAX2       ,VERSAX2       ,,,
VI07702050K   ,_model,,VI07702050K   ,VI07702050K   ,,,
VICTORY       ,_model,,VICTORY       ,VICTORY       ,,,
VINE          ,_model,,VINE          ,VINE          ,,,
VISIONFIVE    ,_model,,VISIONFIVE    ,VISIONFIVE    ,,,
VISTA         ,_model,,VISTA         ,VISTA         ,,,
WALKAHEAD     ,_model,,WALKAHEAD     ,WALKAHEAD     ,,,
WILDWAYS      ,_model,,WILDWAYS      ,WILDWAYS      ,,,
WINDSTAR2     ,_model,,WINDSTAR2     ,WINDSTAR2     ,,,
WORKSHIFT     ,_model,,WORKSHIFT     ,WORKSHIFT     ,,,
WTFFUNCTIONAL ,_model,,WTFFUNCTIONAL ,WTFFUNCTIONAL ,,,
WW105         ,_model,,WW105         ,WW105         ,,,
WW105P        ,_model,,WW105P        ,WW105P        ,,,
WW105T        ,_model,,WW105T        ,WW105T        ,,,
WW110         ,_model,,WW110         ,WW110         ,,,
WW110P        ,_model,,WW110P        ,WW110P        ,,,
WW110T        ,_model,,WW110T        ,WW110T        ,,,
WW120         ,_model,,WW120         ,WW120         ,,,
WW120P        ,_model,,WW120P        ,WW120P        ,,,
WW120T        ,_model,,WW120T        ,WW120T        ,,,
WW130         ,_model,,WW130         ,WW130         ,,,
WW130P        ,_model,,WW130P        ,WW130P        ,,,
WW130T        ,_model,,WW130T        ,WW130T        ,,,
WW140         ,_model,,WW140         ,WW140         ,,,
WW140S        ,_model,,WW140S        ,WW140S        ,,,
WW140T        ,_model,,WW140T        ,WW140T        ,,,
WW160         ,_model,,WW160         ,WW160         ,,,
WW160P        ,_model,,WW160P        ,WW160P        ,,,
WW160T        ,_model,,WW160T        ,WW160T        ,,,
WW170         ,_model,,WW170         ,WW170         ,,,
WW170P        ,_model,,WW170P        ,WW170P        ,,,
WW170T        ,_model,,WW170T        ,WW170T        ,,,
WW190         ,_model,,WW190         ,WW190         ,,,
WW190S        ,_model,,WW190S        ,WW190S        ,,,
WW190T        ,_model,,WW190T        ,WW190T        ,,,
WW200         ,_model,,WW200         ,WW200         ,,,
WW200S        ,_model,,WW200S        ,WW200S        ,,,
WW200T        ,_model,,WW200T        ,WW200T        ,,,
WW210         ,_model,,WW210         ,WW210         ,,,
WW210P        ,_model,,WW210P        ,WW210P        ,,,
WW210T        ,_model,,WW210T        ,WW210T        ,,,
WW220         ,_model,,WW220         ,WW220         ,,,
WW220P        ,_model,,WW220P        ,WW220P        ,,,
WW220T        ,_model,,WW220T        ,WW220T        ,,,
WW235AB       ,_model,,WW235AB       ,WW235AB       ,,,
WW235ABP      ,_model,,WW235ABP      ,WW235ABP      ,,,
WW235ABT      ,_model,,WW235ABT      ,WW235ABT      ,,,
WW250AB       ,_model,,WW250AB       ,WW250AB       ,,,
WW250ABS      ,_model,,WW250ABS      ,WW250ABS      ,,,
WW250ABT      ,_model,,WW250ABT      ,WW250ABT      ,,,
WW300         ,_model,,WW300         ,WW300         ,,,
WW305AB       ,_model,,WW305AB       ,WW305AB       ,,,
WW310         ,_model,,WW310         ,WW310         ,,,
WW320         ,_model,,WW320         ,WW320         ,,,
WW330         ,_model,,WW330         ,WW330         ,,,
WW340         ,_model,,WW340         ,WW340         ,,,
WW350AB       ,_model,,WW350AB       ,WW350AB       ,,,
WW360         ,_model,,WW360         ,WW360         ,,,
WW500         ,_model,,WW500         ,WW500         ,,,
WW510         ,_model,,WW510         ,WW510         ,,,
WW610         ,_model,,WW610         ,WW610         ,,,
WW620         ,_model,,WW620         ,WW620         ,,,
WW630         ,_model,,WW630         ,WW630         ,,,
WW640         ,_model,,WW640         ,WW640         ,,,
WW645         ,_model,,WW645         ,WW645         ,,,
WW650         ,_model,,WW650         ,WW650         ,,,
WW655         ,_model,,WW655         ,WW655         ,,,
WW660         ,_model,,WW660         ,WW660         ,,,
WW665         ,_model,,WW665         ,WW665         ,,,
WW670         ,_model,,WW670         ,WW670         ,,,
WW675         ,_model,,WW675         ,WW675         ,,,
WW683         ,_model,,WW683         ,WW683         ,,,
WW685         ,_model,,WW685         ,WW685         ,,,
WW690         ,_model,,WW690         ,WW690         ,,,
WW695         ,_model,,WW695         ,WW695         ,,,
WW695T        ,_model,,WW695T        ,WW695T        ,,,
WW700         ,_model,,WW700         ,WW700         ,,,
WW705         ,_model,,WW705         ,WW705         ,,,
WW710         ,_model,,WW710         ,WW710         ,,,
WW735         ,_model,,WW735         ,WW735         ,,,
WW755AB       ,_model,,WW755AB       ,WW755AB       ,,,
WW770AB       ,_model,,WW770AB       ,WW770AB       ,,,
WW775AB       ,_model,,WW775AB       ,WW775AB       ,,,
XLITETUBES    ,_model,,XLITETUBES    ,XLITETUBES    ,,,
XLOGOCB       ,_model,,XLOGOCB       ,XLOGOCB       ,,,
YKHMC1        ,_model,,YKHMC1        ,YKHMC1        ,,,
YKHTS2        ,_model,,YKHTS2        ,YKHTS2        ,,,
YMC140        ,_model,,YMC140        ,YMC140        ,,,
YSHEERPH      ,_model,,YSHEERPH      ,YSHEERPH      ,,,
YTC040        ,_model,,YTC040        ,YTC040        ,,,
YTS070        ,_model,,YTS070        ,YTS070        ,,,
YTSSOCK1      ,_model,,YTSSOCK1      ,YTSSOCK1      ,,,
ZBELLE        ,_model,,ZBELLE        ,ZBELLE        ,,,
ZIGZAG        ,_model,,ZIGZAG        ,ZIGZAG        ,,,
ZK2361M       ,_model,,ZK2361M       ,ZK2361M       ,,,
ZK2361W       ,_model,,ZK2361W       ,ZK2361W       ,,,
ZK2450        ,_model,,ZK2450        ,ZK2450        ,,,
ZK2451W       ,_model,,ZK2451W       ,ZK2451W       ,,,
ZK3181W       ,_model,,ZK3181W       ,ZK3181W       ,,,
ZK3182M       ,_model,,ZK3182M       ,ZK3182M       ,,,
ZK3186W       ,_model,,ZK3186W       ,ZK3186W       ,,,
ZK3517W       ,_model,,ZK3517W       ,ZK3517W       ,,,
ZONE          ,_model,,ZONE          ,ZONE          ,,,
ZPRINTHER     ,_model,,ZPRINTHER     ,ZPRINTHER     ,,,
